"1941-06-12","89",",,6","68",",,6","70",",,6"
"1941-06-13","87",",,6","67",",,6","72",",,6"
"1941-06-14","85",",,6","69",",,6","74",",,6"
"1941-06-15","89",",,6","66",",,6","78",",,6"
"1941-06-16","87",",,6","68",",,6","71",",,6"
"1941-06-17","85",",,6","68",",,6","73",",,6"
"1941-06-18","86",",,6","64",",,6","74",",,6"
"1941-06-19","86",",,6","64",",,6","70",",,6"
"1941-06-20","86",",,6","67",",,6","78",",,6"
"1941-06-21","86",",,6","70",",,6","71",",,6"
"1941-06-22","82",",,6","69",",,6","73",",,6"
"1941-06-23","84",",,6","70",",,6","71",",,6"
"1941-06-24","80",",,6","71",",,6","72",",,6"
"1941-06-25","85",",,6","71",",,6","74",",,6"
"1941-06-26","80",",,6","69",",,6","72",",,6"
"1941-06-27","82",",,6","68",",,6","70",",,6"
"1941-06-28","74",",,6","69",",,6","71",",,6"
"1941-06-29","87",",,6","72",",,6","76",",,6"
"1941-06-30","82",",,6","59",",,6","72",",,6"
"1941-07-01","91",",,6","70",",,6","74",",,6"
"1941-07-02","88",",,6","72",",,6","78",",,6"
"1941-07-03","89",",,6","74",",,6","76",",,6"
"1941-07-04","89",",,6","74",",,6","78",",,6"
"1941-07-05","93",",,6","74",",,6","76",",,6"
"1941-07-06","88",",,6","68",",,6","70",",,6"
"1941-07-07","82",",,6","69",",,6","74",",,6"
"1941-07-08","83",",,6","73",",,6","76",",,6"
"1941-07-09","90",",,6","69",",,6","72",",,6"
"1941-07-10","90",",,6","72",",,6","75",",,6"
"1941-07-11","90",",,6","69",",,6","74",",,6"
"1941-07-12","89",",,6","69",",,6","74",",,6"
"1941-07-13","90",",,6","71",",,6","77",",,6"
"1941-07-14","87",",,6","71",",,6","74",",,6"
"1941-07-15","84",",,6","73",",,6","74",",,6"
"1941-07-16","85",",,6","72",",,6","73",",,6"
"1941-07-17","85",",,6","72",",,6","74",",,6"
"1941-07-18","85",",,6","71",",,6","73",",,6"
"1941-07-19","88",",,6","72",",,6","74",",,6"
"1941-07-20","87",",,6","68",",,6","73",",,6"
"1941-07-21","87",",,6","70",",,6","73",",,6"
"1941-07-22","92",",,6","71",",,6","72",",,6"
"1941-07-23","85",",,6","70",",,6","73",",,6"
"1941-07-24","88",",,6","69",",,6","71",",,6"
"1941-07-25","86",",,6","70",",,6","74",",,6"
"1941-07-26","87",",,6","69",",,6","73",",,6"
"1941-07-27","90",",,6","70",",,6","74",",,6"
"1941-07-28","94",",,6","73",",,6","75",",,6"
"1941-07-29","93",",,6","73",",,6","77",",,6"
"1941-07-30","94",",,6","75",",,6","80",",,6"
"1941-07-31","95",",,6","74",",,6","76",",,6"
"1941-08-01","96",",,6","74",",,6","78",",,6"
"1941-08-02","96",",,6","74",",,6","77",",,6"
"1941-08-03","96",",,6","71",",,6","75",",,6"
"1941-08-04","89",",,6","71",",,6","72",",,6"
"1941-08-05","80",",,6","70",",,6","74",",,6"
"1941-08-06","87",",,6","71",",,6","73",",,6"
"1941-08-07","84",",,6","71",",,6","75",",,6"
"1941-08-08","91",",,6","74",",,6","75",",,6"
"1941-08-09","91",",,6","73",",,6","75",",,6"
"1941-08-10","94",",,6","71",",,6","77",",,6"
"1941-08-11","94",",,6","72",",,6","77",",,6"
"1941-08-12","94",",,6","75",",,6","79",",,6"
"1941-08-13","94",",,6","75",",,6","76",",,6"
"1941-08-14","81",",,6","59",",,6","66",",,6"
"1941-08-15","82",",,6","62",",,6","68",",,6"
"1941-08-16","89",",,6","68",",,6","76",",,6"
"1941-08-17","92",",,6","69",",,6","72",",,6"
"1941-08-18","87",",,6","65",",,6","70",",,6"
"1941-08-19","89",",,6","69",",,6","72",",,6"
"1941-08-20","92",",,6","72",",,6","75",",,6"
"1941-08-21","85",",,6","70",",,6","73",",,6"
"1941-08-22","84",",,6","70",",,6","75",",,6"
"1941-08-23","87",",,6","81",",I,6","74",",,6"
"1941-08-24","83",",,6","69",",,6","72",",,6"
"1941-08-25","87",",,6","72",",,6","74",",,6"
"1941-08-26","89",",,6","73",",,6","75",",,6"
"1941-08-27","93",",,6","70",",,6","74",",,6"
"1941-08-28","92",",,6","71",",,6","73",",,6"
"1941-08-29","75",",,6","65",",,6","68",",,6"
"1941-08-30","82",",,6","62",",,6","69",",,6"
"1941-08-31","86",",,6","69",",,6","72",",,6"
"1941-09-01","95",",,6","69",",,6","87",",,6"
"1941-09-02","94",",,6","70",",,6","85",",,6"
"1941-09-03","90",",,6","72",",,6","83",",,6"
"1941-09-04","90",",,6","74",",,6","88",",,6"
"1941-09-05","95",",,6","73",",,6","87",",,6"
"1941-09-06","92",",,6","78",",,6","81",",,6"
"1941-09-07","97",",,6","64",",,6","85",",,6"
"1941-09-08","96",",,6","68",",,6","87",",,6"
"1941-09-09","94",",,6","67",",,6","81",",,6"
"1941-09-10","88",",,6","66",",,6","81",",,6"
"1941-09-11","86",",,6","70",",,6","78",",,6"
"1941-09-12","81",",,6","64",",,6","75",",,6"
"1941-09-13","80",",,6","54",",,6","75",",,6"
"1941-09-14","83",",,6","61",",,6","77",",,6"
"1941-09-15","86",",,6","62",",,6","80",",,6"
"1941-09-16","88",",,6","65",",,6","77",",,6"
"1941-09-17","88",",,6","64",",,6","80",",,6"
"1941-09-18","90",",,6","62",",,6","82",",,6"
"1941-09-19","83",",,6","63",",,6","78",",,6"
"1941-09-20","80",",,6","56",",,6","76",",,6"
"1941-09-21","84",",,6","60",",,6","79",",,6"
"1941-09-22","83",",,6","60",",,6","77",",,6"
"1941-09-23","90",",,6","52",",,6","71",",,6"
"1941-09-24","93",",,6","53",",,6","81",",,6"
"1941-09-25","88",",,6","64",",,6","72",",,6"
"1941-09-26","82",",,6","66",",,6","66",",,6"
"1941-09-27","80",",,6","62",",,6","75",",,6"
"1941-09-28","88",",,6","63",",,6","79",",,6"
"1941-09-29","94",",,6","68",",,6","83",",,6"
"1941-09-30","90",",,6","67",",,6","80",",,6"
"1941-10-01","90",",,6","65",",,6","80",",,6"
"1941-10-02","89",",,6","66",",,6","80",",,6"
"1941-10-03","89",",,6","69",",,6","79",",,6"
"1941-10-04","94",",,6","69",",,6","83",",,6"
"1941-10-05","95",",,6","72",",,6","82",",,6"
"1941-10-06","93",",,6","71",",,6","80",",,6"
"1941-10-07","87",",,6","69",",,6","77",",,6"
"1941-10-08","92",",,6","74",",,6","83",",,6"
"1941-10-09","84",",,6","61",",,6","72",",,6"
"1941-10-10","86",",,6","60",",,6","74",",,6"
"1941-10-11","78",",,6","44",",,6","63",",,6"
"1941-10-12","81",",,6","42",",,6","65",",,6"
"1941-10-13","82",",,6","43",",,6","67",",,6"
"1941-10-14","84",",,6","50",",,6","71",",,6"
"1941-10-15","87",",,6","56",",,6","73",",,6"
"1941-10-16","80",",,6","59",",,6","73",",,6"
"1941-10-17","94",",,6","59",",,6","70",",,6"
"1941-10-18","84",",,6","58",",,6","71",",,6"
"1941-10-19","84",",,6","64",",,6","74",",,6"
"1941-10-20","83",",,6","64",",,6","73",",,6"
"1941-10-21","85",",,6","59",",,6","72",",,6"
"1941-10-22","85",",,6","61",",,6","76",",,6"
"1941-10-23","91",",,6","60",",,6","77",",,6"
"1941-10-24","77",",,6","62",",,6","63",",,6"
"1941-10-25","77",",,6","50",",,6","63",",,6"
"1941-10-26","78",",,6","47",",,6","65",",,6"
"1941-10-27","85",",,6","59",",,6","74",",,6"
"1941-10-28","83",",,6","64",",,6","70",",,6"
"1941-10-29","70",",,6","53",",,6","58",",,6"
"1941-10-30","69",",,6","47",",,6","64",",,6"
"1941-10-31","82",",,6","58",",,6","71",",,6"
"1941-11-01","77",",,6","69",",,6","70",",,6"
"1941-11-02","73",",,6","46",",,6","60",",,6"
"1941-11-03","73",",,6","42",",,6","62",",,6"
"1941-11-04","75",",,6","40",",,6","62",",,6"
"1941-11-05","72",",,6","57",",,6","66",",,6"
"1941-11-06","73",",,6","59",",,6","59",",,6"
"1941-11-07","63",",,6","43",",,6","53",",,6"
"1941-11-08","61",",,6","36",",,6","49",",,6"
"1941-11-09","54",",,6","33",",,6","41",",,6"
"1941-11-10","57",",,6","29",",,6","44",",,6"
"1941-11-11","54",",,6","30",",,6","43",",,6"
"1941-11-12","61",",,6","27",",,6","48",",,6"
"1941-11-13","70",",,6","29",",,6","54",",,6"
"1941-11-14","73",",,6","30",",,6","64",",,6"
"1941-11-15","75",",,6","50",",,6","61",",,6"
"1941-11-16","81",",,6","39",",,6","66",",,6"
"1941-11-17","77",",,6","45",",,6","57",",,6"
"1941-11-18","72",",,6","45",",,6","60",",,6"
"1941-11-19","72",",,6","45",",,6","68",",,6"
"1941-11-20","73",",,6","58",",,6","66",",,6"
"1941-11-21","71",",,6","60",",,6","60",",,6"
"1941-11-22","60",",,6","43",",,6","53",",,6"
"1941-11-23","78",",,6","49",",,6","64",",,6"
"1941-11-24","64",",,6","49",",,6","49",",,6"
"1941-11-25","56",",,6","31",",,6","46",",,6"
"1941-11-26","66",",,6","23",",,6","51",",,6"
"1941-11-27","68",",,6","28",",,6","52",",,6"
"1941-11-28","73",",,6","27",",,6","56",",,6"
"1941-11-29","73",",,6","40",",,6","58",",,6"
"1941-11-30","73",",,6","35",",,6","59",",,6"
"1941-12-01","75",",,6","50",",,6","59",",,6"
"1941-12-02","74",",,6","40",",,6","62",",,6"
"1941-12-03","74",",,6","56",",,6","69",",,6"
"1941-12-04","71",",,6","61",",,6","65",",,6"
"1941-12-05","71",",,6","49",",,6","60",",,6"
"1941-12-06","66",",,6","50",",,6","50",",,6"
"1941-12-07","55",",,6","29",",,6","40",",,6"
"1941-12-08","59",",,6","34",",,6","48",",,6"
"1941-12-09","55",",,6","30",",,6","46",",,6"
"1941-12-10","62",",,6","37",",,6","49",",,6"
"1941-12-11","52",",,6","39",",,6","46",",,6"
"1941-12-12","46",",,6","32",",,6","35",",,6"
"1941-12-13","44",",,6","35",",,6","43",",,6"
"1941-12-14","53",",,6","32",",,6","42",",,6"
"1941-12-15","55",",,6","21",",,6","41",",,6"
"1941-12-16","51",",,6","28",",,6","40",",,6"
"1941-12-17","60",",,6","30",",,6","50",",,6"
"1941-12-18","65",",,6","27",",,6","54",",,6"
"1941-12-19","73",",,6","37",",,6","63",",,6"
"1941-12-20","67",",,6","38",",,6","55",",,6"
"1941-12-21","59",",,6","38",",,6","48",",,6"
"1941-12-22","54",",,6","34",",,6","51",",,6"
"1941-12-23","62",",,6","50",",,6","61",",,6"
"1941-12-24","64",",,6","47",",,6","53",",,6"
"1941-12-25","63",",,6","33",",,6","53",",,6"
"1941-12-26","62",",,6","49",",,6","53",",,6"
"1941-12-27","56",",,6","40",",,6","50",",,6"
"1941-12-28","60",",,6","40",",,6","50",",,6"
"1941-12-29","50",",,6","30",",,6","41",",,6"
"1941-12-30","48",",,6","28",",,6","40",",,6"
"1941-12-31","60",",,6","33",",,6","46",",,6"
"1942-01-01","60",",,6","41",",,6","59",",,6"
"1942-01-02","64",",,6","52",",,6","52",",,6"
"1942-01-03","52",",,6","41",",,6","45",",,6"
"1942-01-04","45",",,6","38",",,6","43",",,6"
"1942-01-05","50",",,6","39",",,6","43",",,6"
"1942-01-06","43",",,6","32",",,6","35",",,6"
"1942-01-07","43",",,6","30",",,6","39",",I,6"
"1942-01-08","29",",I,6","29",",,6","29",",,6"
"1942-01-09","43",",,6","20",",,6","35",",,6"
"1942-01-10","35",",,6","27",",,6","27",",,6"
"1942-01-11","44",",,6","11",",,6","37",",,6"
"1942-01-12","57",",,6","22",",,6","43",",,6"
"1942-01-13","61",",,6","29",",,6","48",",,6"
"1942-01-14","65",",,6","28",",,6","56",",,6"
"1942-01-15","64",",,6","34",",,6","53",",,6"
"1942-01-16","63",",,6","31",",,6","55",",,6"
"1942-01-17","55",",,6","33",",,6","50",",,6"
"1942-01-18","67",",,6","40",",,6","58",",,6"
"1942-01-19","68",",,6","54",",,6","60",",,6"
"1942-01-20","60",",,6","29",",,6","47",",,6"
"1942-01-21","57",",,6","29",",,6","45",",,6"
"1942-01-22","57",",,6","30",",,6","48",",,6"
"1942-01-23","65",",,6","26",",,6","52",",,6"
"1942-01-24","71",",,6","30",",,6","61",",,6"
"1942-01-25","74",",,6","44",",,6","65",",,6"
"1942-01-26","69",",,6","38",",,6","58",",,6"
"1942-01-27","67",",,6","35",",,6","54",",,6"
"1942-01-28","54",",,6","44",",,6","47",",,6"
"1942-01-29","59",",,6","31",",,6","50",",,6"
"1942-01-30","59",",,6","32",",,6","51",",,6"
"1942-01-31","61",",,6","45",",,6","45",",,6"
"1942-02-01","48",",,6","33",",,6","42",",,6"
"1942-02-02","46",",,6","23",",,6","35",",,6"
"1942-02-03","45",",,6","17",",,6","37",",,6"
"1942-02-04","48",",,6","22",",,6","45",",,6"
"1942-02-05","63",",,6","38",",,6","56",",,6"
"1942-02-06","60",",,6","46",",,6","51",",,6"
"1942-02-07","54",",,6","42",",,6","47",",,6"
"1942-02-08","57",",,6","31",",,6","50",",,6"
"1942-02-09","51",",,6","30",",,6","41",",,6"
"1942-02-10","43",",,6","35",",,6","41",",,6"
"1942-02-11","49",",,6","37",",,6","45",",,6"
"1942-02-12","50",",,6","36",",,6","43",",,6"
"1942-02-13","49",",,6","25",",,6","41",",,6"
"1942-02-14","61",",,6","24",",,6","50",",,6"
"1942-02-15","58",",,6","33",",,6","54",",,6"
"1942-02-16","64",",,6","50",",,6","63",",,6"
"1942-02-17","63",",,6","55",",,6","55",",,6"
"1942-02-18","55",",,6","45",",,6","49",",,6"
"1942-02-19","49",",,6","37",",,6","39",",,6"
"1942-02-20","47",",,6","25",",,6","37",",,6"
"1942-02-21","52",",,6","19",",,6","43",",,6"
"1942-02-22","59",",,6","23",",,6","49",",,6"
"1942-02-23","51",",,6","31",",,6","47",",,6"
"1942-02-24","47",",,6","31",",,6","31",",,6"
"1942-02-25","53",",,6","30",",,6","43",",,6"
"1942-02-26","52",",,6","25",",,6","45",",,6"
"1942-02-27","46",",,6","28",",,6","41",",,6"
"1942-02-28","58",",,6","25",",,6","47",",,6"
"1942-03-01","54",",,6","29",",,6","48",",,6"
"1942-03-02","48",",,6","37",",,6","43",",,6"
"1942-03-03","49",",,6","35",",,6","44",",,6"
"1942-03-04","58",",,6","28",",,6","51",",,6"
"1942-03-05","51",",,6","42",",,6","44",",,6"
"1942-03-06","61",",,6","39",",,6","57",",,6"
"1942-03-07","67",",,6","34",",,6","63",",,6"
"1942-03-08","70",",,6","50",",,6","65",",,6"
"1942-03-09","65",",,6","41",",,6","48",",,6"
"1942-03-10","70",",,6","32",",,6","66",",,6"
"1942-03-11","69",",,6","42",",,6","62",",,6"
"1942-03-12","75",",,6","49",",,6","68",",,6"
"1942-03-13","76",",,6","49",",,6","71",",,6"
"1942-03-14","80",",,6","54",",,6","75",",,6"
"1942-03-15","80",",,6","60",",,6","63",",,6"
"1942-03-16","84",",,6","59",",,6","79",",,6"
"1942-03-17","79",",,6","65",",,6","65",",,6"
"1942-03-18","67",",,6","59",",,6","59",",,6"
"1942-03-19","69",",,6","38",",,6","62",",,6"
"1942-03-20","73",",,6","43",",,6","67",",,6"
"1942-03-21","67",",,6","53",",,6","62",",,6"
"1942-03-22","63",",,6","38",",,6","59",",,6"
"1942-03-23","69",",,6","41",",,6","64",",,6"
"1942-03-24","74",",,6","37",",,6","65",",,6"
"1942-03-25","77",",,6","37",",,6","65",",,6"
"1942-03-26","68",",,6","47",",,6","63",",,6"
"1942-03-27","63",",,6","53",",,6","53",",,6"
"1942-03-28","66",",,6","48",",,6","60",",,6"
"1942-03-29","64",",,6","36",",,6","60",",,6"
"1942-03-30","71",",,6","36",",,6","65",",,6"
"1942-03-31","65",",,6","43",",,6","52",",,6"
"1942-04-01","58",",,6","29",",,6","54",",,6"
"1942-04-02","67",",,6","32",",,6","64",",,6"
"1942-04-03","76",",,6","40",",,6","69",",,6"
"1942-04-04","80",",,6","50",",,6","74",",,6"
"1942-04-05","86",",,6","53",",,6","78",",,6"
"1942-04-06","85",",,6","54",",,6","78",",,6"
"1942-04-07","84",",,6","60",",,6","78",",,6"
"1942-04-08","85",",,6","61",",,6","80",",,6"
"1942-04-09","85",",,6","62",",,6","62",",,6"
"1942-04-10","75",",,6","61",",,6","67",",,6"
"1942-04-11","68",",,6","44",",,6","65",",,6"
"1942-04-12","65",",,6","35",",,6","58",",,6"
"1942-04-13","65",",,6","35",",,6","58",",,6"
"1942-04-14","71",",,6","50",",,6","64",",,6"
"1942-04-15","76",",,6","47",",,6","70",",,6"
"1942-04-16","81",",,6","49",",,6","75",",,6"
"1942-04-17","84",",,6","53",",,6","75",",,6"
"1942-04-18","87",",,6","58",",,6","79",",,6"
"1942-04-19","79",",,6","55",",,6","68",",,6"
"1942-04-20","69",",,6","41",",,6","65",",,6"
"1942-04-21","73",",,6","43",",,6","68",",,6"
"1942-04-22","73",",,6","44",",,6","67",",,6"
"1942-04-23","74",",,6","41",",,6","70",",,6"
"1942-04-24","82",",,6","42",",,6","75",",,6"
"1942-04-25","86",",,6","48",",,6","79",",,6"
"1942-04-26","89",",,6","52",",,6","78",",,6"
"1942-04-27","87",",,6","59",",,6","79",",,6"
"1942-04-28","89",",,6","56",",,6","80",",,6"
"1942-04-29","85",",,6","60",",,6","79",",,6"
"1942-04-30","86",",,6","60",",,6","79",",,6"
"1942-05-01","87",",,6","62",",,6","79",",,6"
"1942-05-02","89",",,6","60",",,6","82",",,6"
"1942-05-03","89",",,6","62",",,6","81",",,6"
"1942-05-04","87",",,6","65",",,6","78",",,6"
"1942-05-05","90",",,6","57",",,6","83",",,6"
"1942-05-06","85",",,6","62",",,6","65",",,6"
"1942-05-07","87",",,6","63",",,6","81",",,6"
"1942-05-08","81",",,6","58",",,6","64",",,6"
"1942-05-09","75",",,6","51",",,6","72",",,6"
"1942-05-10","80",",,6","45",",,6","72",",,6"
"1942-05-11","85",",,6","50",",,6","76",",,6"
"1942-05-12","84",",,6","56",",,6","62",",,6"
"1942-05-13","69",",,6","61",",,6","68",",,6"
"1942-05-14","81",",,6","65",",,6","67",",,6"
"1942-05-15","81",",,6","66",",,6","69",",,6"
"1942-05-16","84",",,6","66",",,6","82",",,6"
"1942-05-17","84",",,6","61",",,6","80",",,6"
"1942-05-18","82",",,6","64",",,6","78",",,6"
"1942-05-19","87",",,6","62",",,6","80",",,6"
"1942-05-20","87",",,6","62",",,6","78",",,6"
"1942-05-21","80",",,6","64",",,6","64",",,6"
"1942-05-22","77",",,6","59",",,6","74",",,6"
"1942-05-23","78",",,6","44",",,6","54",",,6"
"1942-05-24","79",",,6","50",",,6","75",",,6"
"1942-05-25","76",",,6","51",",,6","72",",,6"
"1942-05-26","81",",,6","53",",,6","74",",,6"
"1942-05-27","74",",,6","64",",,6","69",",,6"
"1942-05-28","81",",,6","62",",,6","75",",,6"
"1942-05-29","84",",,6","63",",,6","78",",,6"
"1942-05-30","86",",,6","61",",,6","83",",,6"
"1942-05-31","88",",,6","60",",,6","84",",,6"
"1942-06-01","89",",,6","62",",,6","83",",,6"
"1942-06-02","86",",,6","61",",,6","80",",,6"
"1942-06-03","87",",,6","66",",,6","79",",,6"
"1942-06-04","89",",,6","63",",,6","81",",,6"
"1942-06-05","90",",,6","66",",,6","85",",,6"
"1942-06-06","89",",,6","66",",,6","81",",,6"
"1942-06-07","86",",,6","67",",,6","84",",,6"
"1942-06-08","92",",,6","70",",,6","87",",,6"
"1942-06-09","88",",,6","69",",,6","78",",,6"
"1942-06-10","80",",,6","70",",,6","74",",,6"
"1942-06-11","88",",,6","72",",,6","79",",,6"
"1942-06-12","91",",,6","70",",,6","74",",,6"
"1942-06-13","90",",,6","67",",,6","69",",,6"
"1942-06-14","89",",,6","66",",,6","85",",,6"
"1942-06-15","85",",,6","60",",,6","81",",,6"
"1942-06-16","87",",,6","65",",,6","71",",,6"
"1942-06-17","90",",,6","66",",,6","85",",,6"
"1942-06-18","88",",,6","67",",,6","83",",,6"
"1942-06-19","95",",,6","67",",,6","90",",,6"
"1942-06-20","96",",,6","70",",,6","92",",,6"
"1942-06-21","97",",,6","73",",,6","88",",,6"
"1942-06-22","94",",,6","70",",,6","78",",,6"
"1942-06-23","91",",,6","72",",,6","87",",,6"
"1942-06-24","87",",,6","68",",,6","82",",,6"
"1942-06-25","89",",,6","67",",,6","81",",,6"
"1942-06-26","91",",,6","67",",,6","83",",,6"
"1942-06-27","94",",,6","67",",,6","76",",,6"
"1942-06-28","88",",,6","68",",,6","81",",,6"
"1942-06-29","87",",,6","70",",,6","77",",,6"
"1942-06-30","87",",,6","70",",,6","77",",,6"
"1942-07-01","89",",,6","67",",,6","79",",,6"
"1942-07-02","87",",,6","68",",,6","79",",,6"
"1942-07-03","86",",,6","68",",,6","72",",,6"
"1942-07-04","87",",,6","68",",,6","81",",,6"
"1942-07-05","90",",,6","69",",,6","75",",,6"
"1942-07-06","90",",,6","68",",,6","85",",,6"
"1942-07-07","91",",,6","71",",,6","86",",,6"
"1942-07-08","93",",,6","68",",,6","80",",,6"
"1942-07-09","91",",,6","69",",,6","82",",,6"
"1942-07-10","92",",,6","70",",,6","77",",,6"
"1942-07-11","95",",,6","70",",,6","88",",,6"
"1942-07-12","91",",,6","72",",,6","82",",,6"
"1942-07-13","95",",,6","68",",,6","88",",,6"
"1942-07-14","98",",,6","71",",,6","88",",,6"
"1942-07-15","95",",,6","71",",,6","85",",,6"
"1942-07-16","91",",,6","73",",,6","84",",,6"
"1942-07-17","97",",,6","72",",,6","92",",,6"
"1942-07-18","99",",,6","70",",,6","93",",,6"
"1942-07-19","99",",,6","70",",,6","95",",,6"
"1942-07-20","100",",,6","75",",,6","98",",,6"
"1942-07-21","98",",,6","74",",,6","91",",,6"
"1942-07-22","91",",,6","71",",,6","78",",,6"
"1942-07-23","85",",,6","69",",,6","72",",,6"
"1942-07-24","88",",,6","70",",,6","81",",,6"
"1942-07-25","86",",,6","69",",,6","71",",,6"
"1942-07-26","91",",,6","69",",,6","78",",,6"
"1942-07-27","90",",,6","69",",,6","82",",,6"
"1942-07-28","95",",,6","72",",,6","90",",,6"
"1942-07-29","94",",,6","72",",,6","89",",,6"
"1942-07-30","97",",,6","71",",,6","90",",,6"
"1942-07-31","99",",,6","72",",,6","90",",,6"
"1942-08-01","98",",,6","73",",,6","84",",,6"
"1942-08-02","96",",,6","72",",,6","87",",,6"
"1942-08-03","98",",,6","72",",,6","92",",,6"
"1942-08-04","95",",,6","73",",,6","88",",,6"
"1942-08-05","92",",,6","70",",,6","84",",,6"
"1942-08-06","84",",,6","69",",,6","79",",,6"
"1942-08-07","88",",,6","63",",,6","82",",,6"
"1942-08-08","89",",,6","67",",,6","84",",,6"
"1942-08-09","91",",,6","70",",,6","73",",,6"
"1942-08-10","93",",,6","69",",,6","84",",,6"
"1942-08-11","92",",,6","68",",,6","72",",,6"
"1942-08-12","84",",,6","69",",,6","77",",,6"
"1942-08-13","89",",,6","68",",,6","84",",,6"
"1942-08-14","91",",,6","71",",,6","79",",,6"
"1942-08-15","93",",,6","71",",,6","83",",,6"
"1942-08-16","92",",,6","73",",,6","80",",,6"
"1942-08-17","91",",,6","70",",,6","72",",,6"
"1942-08-18","91",",,6","70",",,6","81",",,6"
"1942-08-19","87",",,6","70",",,6","74",",,6"
"1942-08-20","89",",,6","69",",,6","84",",,6"
"1942-08-21","91",",,6","68",",,6","85",",,6"
"1942-08-22","92",",,6","68",",,6","84",",,6"
"1942-08-23","92",",,6","71",",,6","80",",,6"
"1942-08-24","80",",,6","71",",,6","77",",,6"
"1942-08-25","78",",,6","62",",,6","73",",,6"
"1942-08-26","77",",,6","55",",,6","75",",,6"
"1942-08-27","80",",,6","56",",,6","74",",,6"
"1942-08-28","85",",,6","60",",,6","77",",,6"
"1942-08-29","88",",,6","58",",,6","60",",I,6"
"1942-08-30","75",",,6","63",",I,6","69",",,6"
"1942-08-31","80",",,6","63",",,6","73",",,6"
"1942-09-01","73",",,6","62",",,6","71",",,6"
"1942-09-02","85",",,6","61",",,6","78",",,6"
"1942-09-03","85",",,6","66",",,6","75",",,6"
"1942-09-04","86",",,6","67",",,6","75",",,6"
"1942-09-05","87",",,6","68",",,6","79",",,6"
"1942-09-06","84",",,6","70",",,6","75",",,6"
"1942-09-07","86",",,6","70",",,6","76",",,6"
"1942-09-08","92",",,6","70",",,6","82",",,6"
"1942-09-09","94",",,6","70",",,6","82",",,6"
"1942-09-10","93",",,6","70",",,6","80",",,6"
"1942-09-11","92",",,6","68",",,6","80",",,6"
"1942-09-12","88",",,6","66",",,6","79",",,6"
"1942-09-13","90",",,6","63",",,6","80",",,6"
"1942-09-14","91",",,6","65",",,6","80",",,6"
"1942-09-15","95",",,6","65",",,6","82",",,6"
"1942-09-16","95",",,6","69",",,6","81",",,6"
"1942-09-17","96",",,6","69",",,6","81",",,6"
"1942-09-18","97",",,6","69",",,6","88",",,6"
"1942-09-19","98",",,6","70",",,6","85",",,6"
"1942-09-20","96",",,6","70",",,6","82",",,6"
"1942-09-21","82",",,6","65",",,6","67",",,6"
"1942-09-22","82",",,6","53",",,6","70",",,6"
"1942-09-23","87",",,6","58",",,6","72",",,6"
"1942-09-24","90",",,6","54",",,6","74",",,6"
"1942-09-25","81",",,6","59",",,6","75",",,6"
"1942-09-26","79",",,6","68",",,6","74",",,6"
"1942-09-27","80",",,6","70",",,6","72",",,6"
"1942-09-28","72",",,6","54",",,6","59",",,6"
"1942-09-29","65",",,6","42",",,6","59",",,6"
"1942-09-30","68",",,6","44",",,6","61",",,6"
"1942-10-01","79",",,6","45",",,6","66",",,6"
"1942-10-02","82",",,6","51",",,6","67",",,6"
"1942-10-03","78",",,6","55",",,6","65",",,6"
"1942-10-04","83",",,6","51",",,6","69",",,6"
"1942-10-05","84",",,6","58",",,6","67",",,6"
"1942-10-06","73",",,6","55",",,6","65",",,6"
"1942-10-07","77",",,6","47",",,6","64",",,6"
"1942-10-08","80",",,6","46",",,6","65",",,6"
"1942-10-09","81",",,6","48",",,6","65",",,6"
"1942-10-10","80",",,6","48",",,6","70",",,6"
"1942-10-11","78",",,6","52",",,6","67",",,6"
"1942-10-12","68",",,6","57",",,6","61",",,6"
"1942-10-13","73",",,6","57",",,6","69",",,6"
"1942-10-14","70",",,6","58",",,6","67",",,6"
"1942-10-15","85",",,6","58",",,6","73",",,6"
"1942-10-16","84",",,6","56",",,6","69",",,6"
"1942-10-17","83",",,6","54",",,6","69",",,6"
"1942-10-18","80",",,6","52",",,6","67",",,6"
"1942-10-19","80",",,6","49",",,6","65",",,6"
"1942-10-20","84",",,6","53",",,6","68",",,6"
"1942-10-21","76",",,6","60",",,6","67",",,6"
"1942-10-22","82",",,6","54",",,6","68",",,6"
"1942-10-23","84",",,6","57",",,6","72",",,6"
"1942-10-24","74",",,6","60",",,6","67",",,6"
"1942-10-25","73",",,6","55",",,6","64",",,6"
"1942-10-26","74",",,6","60",",,6","60",",,6"
"1942-10-27","61",",,6","36",",,6","48",",,6"
"1942-10-28","68",",,6","36",",,6","54",",,6"
"1942-10-29","70",",,6","42",",,6","67",",,6"
"1942-10-30","80",",,6","47",",,6","65",",,6"
"1942-10-31","80",",,6","52",",,6","68",",,6"
"1942-11-01","72",",,6","57",",,6","58",",,6"
"1942-11-02","75",",,6","38",",,6","60",",,6"
"1942-11-03","63",",,6","50",",,6","53",",,6"
"1942-11-04","60",",,6","38",",,6","53",",,6"
"1942-11-05","63",",,6","40",",,6","58",",,6"
"1942-11-06","74",",,6","47",",,6","64",",,6"
"1942-11-07","75",",,6","52",",,6","67",",,6"
"1942-11-08","75",",,6","52",",,6","64",",,6"
"1942-11-09","77",",,6","50",",,6","64",",,6"
"1942-11-10","81",",,6","59",",,6","72",",,6"
"1942-11-11","72",",,6","39",",,6","46",",,6"
"1942-11-12","63",",,6","34",",,6","40",",,6"
"1942-11-13","75",",,6","36",",,6","62",",,6"
"1942-11-14","65",",,6","41",",,6","52",",,6"
"1942-11-15","60",",,6","30",",,6","46",",,6"
"1942-11-16","73",",,6","36",",,6","58",",,6"
"1942-11-17","75",",,6","52",",,6","63",",,6"
"1942-11-18","80",",,6","46",",,6","68",",,6"
"1942-11-19","82",",,6","55",",,6","67",",,6"
"1942-11-20","84",",,6","53",",,6","67",",,6"
"1942-11-21","84",",,6","57",",,6","70",",,6"
"1942-11-22","79",",,6","54",",,6","67",",,6"
"1942-11-23","67",",,6","49",",,6","51",",,6"
"1942-11-24","59",",,6","46",",,6","51",",,6"
"1942-11-25","61",",,6","33",",,6","49",",,6"
"1942-11-26","71",",,6","40",",,6","62",",,6"
"1942-11-27","62",",,6","35",",,6","39",",,6"
"1942-11-28","54",",,6","24",",,6","38",",,6"
"1942-11-29","66",",,6","35",",,6","62",",,6"
"1942-11-30","63",",,6","52",",,6","56",",,6"
"1942-12-01","64",",,6","40",",,6","64",",,6"
"1942-12-02","64",",,6","36",",,6","48",",,6"
"1942-12-03","49",",,6","26",",,6","44",",,6"
"1942-12-04","53",",,6","37",",,6","42",",,6"
"1942-12-05","53",",,6","36",",,6","48",",,6"
"1942-12-06","51",",,6","40",",,6","47",",,6"
"1942-12-07","47",",,6","37",",,6","37",",,6"
"1942-12-08","39",",,6","36",",,6","37",",,6"
"1942-12-09","52",",,6","35",",,6","43",",,6"
"1942-12-10","56",",,6","28",",,6","52",",,6"
"1942-12-11","52",",,6","46",",,6","47",",,6"
"1942-12-12","57",",,6","44",",,6","48",",,6"
"1942-12-13","48",",,6","33",",,6","36",",,6"
"1942-12-14","44",",,6","18",",,6","35",",,6"
"1942-12-15","66",",,6","29",",,6","53",",,6"
"1942-12-16","53",",,6","33",",,6","34",",,6"
"1942-12-17","47",",,6","21",",,6","41",",,6"
"1942-12-18","62",",,6","40",",,6","47",",,6"
"1942-12-19","67",",,6","29",",,6","52",",,6"
"1942-12-20","56",",,6","33",",,6","34",",,6"
"1942-12-21","34",",,6","18",",,6","27",",,6"
"1942-12-22","39",",,6","22",",,6","38",",,6"
"1942-12-23","57",",,6","35",",,6","52",",,6"
"1942-12-24","64",",,6","45",",,6","51",",,6"
"1942-12-25","53",",,6","37",",,6","52",",,6"
"1942-12-26","71",",,6","46",",,6","63",",,6"
"1942-12-27","63",",,6","53",",,6","53",",,6"
"1942-12-28","75",",,6","52",",,6","70",",,6"
"1942-12-29","72",",,6","55",",,6","55",",,6"
"1942-12-30","56",",,6","43",",,6","48",",,6"
"1942-12-31","59",",,6","31",",,6","48",",,6"
"1943-01-01","65",",,6","33",",,6","57",",,6"
"1943-01-02","66",",,6","33",",,6","55",",,6"
"1943-01-03","72",",,6","44",",,6","61",",,6"
"1943-01-04","61",",,6","41",",,6","41",",,6"
"1943-01-05","45",",,6","24",",,6","35",",,6"
"1943-01-06","46",",,6","20",",,6","42",",,6"
"1943-01-07","42",",,6","38",",,6","41",",,6"
"1943-01-08","42",",,6","37",",,6","42",",,6"
"1943-01-09","45",",,6","35",",,6","35",",,6"
"1943-01-10","51",",,6","29",",,6","46",",,6"
"1943-01-11","55",",,6","26",",,6","42",",,6"
"1943-01-12","60",",,6","36",",,6","52",",,6"
"1943-01-13","52",",,6","36",",,6","40",",,6"
"1943-01-14","61",",,6","26",",,6","51",",,6"
"1943-01-15","65",",,6","47",",,6","56",",,6"
"1943-01-16","72",",,6","47",",,6","67",",,6"
"1943-01-17","80",",,6","64",",,6","73",",,6"
"1943-01-18","73",",,6","61",",,6","64",",,6"
"1943-01-19","64",",,6","44",",,6","44",",,6"
"1943-01-20","44",",,6","24",",,6","32",",,6"
"1943-01-21","55",",,6","27",",,6","48",",,6"
"1943-01-22","63",",,6","36",",,6","52",",,6"
"1943-01-23","72",",,6","47",",,6","64",",,6"
"1943-01-24","64",",,6","50",",,6","62",",,6"
"1943-01-25","79",",,6","56",",,6","71",",,6"
"1943-01-26","80",",,6","58",",,6","71",",,6"
"1943-01-27","71",",,6","36",",,6","36",",,6"
"1943-01-28","44",",,6","35",",,6","42",",,6"
"1943-01-29","42",",,6","36",",,6","37",",,6"
"1943-01-30","43",",,6","35",",,6","38",",,6"
"1943-01-31","59",",,6","27",",,6","48",",,6"
"1943-02-01","70",",,6","37",",,6","57",",,6"
"1943-02-02","60",",,6","27",",,6","50",",,6"
"1943-02-03","62",",,6","31",",,6","57",",,6"
"1943-02-04","72",",,6","57",",,6","69",",,6"
"1943-02-05","69",",,6","58",",,6","64",",,6"
"1943-02-06","71",",,6","56",",,6","57",",,6"
"1943-02-07","58",",,6","42",",,6","53",",,6"
"1943-02-08","74",",,6","37",",,6","64",",,6"
"1943-02-09","71",",,6","48",",,6","60",",,6"
"1943-02-10","74",",,6","49",",,6","69",",,6"
"1943-02-11","69",",,6","46",",,6","46",",,6"
"1943-02-12","56",",,6","28",",,6","48",",,6"
"1943-02-13","54",",,6","38",",,6","44",",,6"
"1943-02-14","44",",,6","25",",,6","26",",,6"
"1943-02-15","39",",,6","11",",,6","34",",,6"
"1943-02-16","42",",,6","23",",,6","36",",,6"
"1943-02-17","56",",,6","20",",,6","49",",,6"
"1943-02-18","57",",,6","26",",,6","48",",,6"
"1943-02-19","68",",,6","27",",,6","55",",,6"
"1943-02-20","72",",,6","37",",,6","60",",,6"
"1943-02-21","74",",,6","42",",,6","61",",,6"
"1943-02-22","74",",,6","47",",,6","66",",,6"
"1943-02-23","75",",,6","42",",,6","68",",,6"
"1943-02-24","80",",,6","51",",,6","71",",,6"
"1943-02-25","71",",,6","49",",,6","56",",,6"
"1943-02-26","60",",,6","46",",,6","53",",,6"
"1943-02-27","53",",,6","24",",,6","40",",,6"
"1943-02-28","57",",,6","29",",,6","53",",,6"
"1943-03-01","53",",,6","41",",,6","46",",,6"
"1943-03-02","46",",,6","41",",,6","45",",,6"
"1943-03-03","46",",,6","33",",,6","33",",,6"
"1943-03-04","44",",,6","16",",,6","39",",,6"
"1943-03-05","47",",,6","30",",,6","43",",,6"
"1943-03-06","70",",,6","43",",,6","64",",,6"
"1943-03-07","64",",,6","34",",,6","49",",,6"
"1943-03-08","49",",,6","32",",,6","45",",,6"
"1943-03-09","52",",,6","28",",,6","49",",,6"
"1943-03-10","70",",,6","33",",,6","63",",,6"
"1943-03-11","78",",,6","45",",,6","69",",,6"
"1943-03-12","72",",,6","55",",,6","67",",,6"
"1943-03-13","79",",,6","55",",,6","63",",,6"
"1943-03-14","64",",,6","40",",,6","60",",,6"
"1943-03-15","65",",,6","51",",,6","62",",,6"
"1943-03-16","81",",,6","56",",,6","76",",,6"
"1943-03-17","76",",,6","56",",,6","56",",,6"
"1943-03-18","65",",,6","48",",,6","63",",,6"
"1943-03-19","83",",,6","60",",,6","79",",,6"
"1943-03-20","79",",,6","65",",,6","66",",,6"
"1943-03-21","66",",,6","40",",,6","40",",,6"
"1943-03-22","50",",,6","35",",,6","42",",,6"
"1943-03-23","57",",,6","28",",,6","52",",,6"
"1943-03-24","67",",,6","29",",,6","58",",,6"
"1943-03-25","75",",,6","40",",,6","69",",,6"
"1943-03-26","71",",,6","48",",,6","67",",,6"
"1943-03-27","78",",,6","60",",,6","66",",,6"
"1943-03-28","71",",,6","54",",,6","64",",,6"
"1943-03-29","64",",,6","45",",,6","56",",,6"
"1943-03-30","73",",,6","36",",,6","67",",,6"
"1943-03-31","80",",,6","48",",,6","73",",,6"
"1943-04-01","84",",,6","55",",,6","75",",,6"
"1943-04-02","84",",,6","59",",,6","60",",,6"
"1943-04-03","60",",,6","43",",,6","55",",,6"
"1943-04-04","66",",,6","30",",,6","60",",,6"
"1943-04-05","82",",,6","54",",,6","73",",,6"
"1943-04-06","75",",,6","45",",,6","66",",,6"
"1943-04-07","75",",,6","46",",,6","70",",,6"
"1943-04-08","84",",,6","60",",,6","77",",,6"
"1943-04-09","85",",,6","58",",,6","71",",,6"
"1943-04-10","86",",,6","62",",,6","73",",,6"
"1943-04-11","73",",,6","50",",,6","60",",,6"
"1943-04-12","83",",,6","52",",,6","74",",,6"
"1943-04-13","78",",,6","49",",,6","74",",,6"
"1943-04-14","74",",,6","40",",,6","50",",,6"
"1943-04-15","57",",,6","31",",,6","53",",,6"
"1943-04-16","70",",,6","34",",,6","64",",,6"
"1943-04-17","75",",,6","53",",,6","69",",,6"
"1943-04-18","69",",,6","55",",,6","60",",,6"
"1943-04-19","75",",,6","59",",,6","67",",,6"
"1943-04-20","69",",,6","46",",,6","62",",,6"
"1943-04-21","65",",,6","42",",,6","59",",,6"
"1943-04-22","68",",,6","39",",,6","62",",,6"
"1943-04-23","64",",,6","50",",,6","52",",,6"
"1943-04-24","60",",,6","50",",,6","59",",,6"
"1943-04-25","78",",,6","53",",,6","73",",,6"
"1943-04-26","84",",,6","56",",,6","78",",,6"
"1943-04-27","87",",,6","59",",,6","80",",,6"
"1943-04-28","93",",,6","60",",,6","84",",I,6"
"1943-04-29","77",",I,6","56",",,6","72",",,6"
"1943-04-30","87",",,6","56",",,6","83",",I,6"
"1943-05-01","72",",I,6","58",",,6","67",",,6"
"1943-05-02","77",",,6","42",",,6","72",",,6"
"1943-05-03","90",",,6","60",",,6","83",",,6"
"1943-05-04","83",",,6","52",",,6","72",",,6"
"1943-05-05","80",",,6","46",",,6","73",",,6"
"1943-05-06","89",",,6","53",",,6","82",",,6"
"1943-05-07","90",",,6","60",",,6","80",",,6"
"1943-05-08","89",",,6","65",",,6","81",",,6"
"1943-05-09","84",",,6","65",",,6","71",",,6"
"1943-05-10","86",",,6","65",",,6","81",",,6"
"1943-05-11","81",",,6","69",",,6","74",",,6"
"1943-05-12","82",",,6","66",",,6","76",",,6"
"1943-05-13","85",",,6","58",",,6","78",",,6"
"1943-05-14","89",",,6","64",",,6","80",",,6"
"1943-05-15","80",",,6","67",",,6","74",",,6"
"1943-05-16","85",",,6","66",",,6","77",",,6"
"1943-05-17","87",",,6","65",",,6","80",",,6"
"1943-05-18","89",",,6","64",",,6","80",",,6"
"1943-05-19","84",",,6","64",",,6","78",",,6"
"1943-05-20","87",",,6","70",",,6","76",",,6"
"1943-05-21","90",",,6","69",",,6","70",",,6"
"1943-05-22","81",",,6","62",",,6","75",",,6"
"1943-05-23","75",",,6","59",",,6","70",",,6"
"1943-05-24","70",",,6","60",",,6","69",",,6"
"1943-05-25","80",",,6","64",",,6","70",",,6"
"1943-05-26","84",",,6","66",",,6","80",",,6"
"1943-05-27","90",",,6","56",",,6","80",",,6"
"1943-05-28","88",",,6","65",",,6","83",",,6"
"1943-05-29","85",",,6","59",",,6","81",",,6"
"1943-05-30","89",",,6","58",",,6","79",",,6"
"1943-05-31","94",",,6","66",",,6","90",",,6"
"1943-06-01","95",",,6","68",",,6","86",",,6"
"1943-06-02","95",",,6","67",",,6","88",",,6"
"1943-06-03","96",",,6","70",",,6","90",",,6"
"1943-06-04","98",",,6","68",",,6","92",",,6"
"1943-06-05","102",",,6","74",",,6","93",",,6"
"1943-06-06","101",",,6","73",",,6","84",",,6"
"1943-06-07","95",",,6","73",",,6","88",",,6"
"1943-06-08","93",",,6","71",",,6","77",",,6"
"1943-06-09","92",",,6","70",",,6","86",",,6"
"1943-06-10","86",",,6","67",",,6","81",",,6"
"1943-06-11","89",",,6","68",",,6","81",",,6"
"1943-06-12","91",",,6","70",",,6","83",",,6"
"1943-06-13","93",",,6","69",",,6","88",",,6"
"1943-06-14","95",",,6","70",",,6","91",",,6"
"1943-06-15","97",",,6","71",",,6","87",",,6"
"1943-06-16","100",",,6","74",",,6","93",",,6"
"1943-06-17","98",",,6","74",",,6","83",",,6"
"1943-06-18","96",",,6","69",",,6","90",",,6"
"1943-06-19","92",",,6","71",",,6","74",",,6"
"1943-06-20","91",",,6","66",",,6","86",",,6"
"1943-06-21","94",",,6","68",",,6","87",",,6"
"1943-06-22","95",",,6","70",",,6","72",",,6"
"1943-06-23","90",",,6","69",",,6","83",",,6"
"1943-06-24","87",",,6","70",",,6","74",",,6"
"1943-06-25","90",",,6","70",",,6","83",",,6"
"1943-06-26","91",",,6","70",",,6","85",",,6"
"1943-06-27","85",",,6","70",",,6","79",",,6"
"1943-06-28","89",",,6","72",",,6","82",",,6"
"1943-06-29","89",",,6","72",",,6","74",",,6"
"1943-06-30","89",",,6","70",",,6",,
"1943-07-01","74",",,6","64",",,6","65",",,6"
"1943-07-02","68",",,6","62",",,6","68",",,6"
"1943-07-03","79",",,6","66",",,6","76",",,6"
"1943-07-04","86",",,6","69",",,6","82",",,6"
"1943-07-05","94",",,6","72",",,6","87",",,6"
"1943-07-06","95",",,6","70",",,6","89",",,6"
"1943-07-07","95",",,6","73",",,6","91",",,6"
"1943-07-08","93",",,6","70",",,6","73",",,6"
"1943-07-09","86",",,6","69",",,6","74",",,6"
"1943-07-10","89",",,6","69",",,6","86",",,6"
"1943-07-11","91",",,6","71",",,6","85",",,6"
"1943-07-12","88",",,6","73",",,6","80",",,6"
"1943-07-13","87",",,6","72",",,6","77",",,6"
"1943-07-14","87",",,6","70",",,6","81",",,6"
"1943-07-15","94",",,6","71",",,6","87",",,6"
"1943-07-16","95",",,6","73",",,6","87",",,6"
"1943-07-17","96",",,6","73",",,6","87",",,6"
"1943-07-18","98",",,6","74",",,6","88",",,6"
"1943-07-19","93",",,6","73",",,6","86",",,6"
"1943-07-20","92",",,6","72",",,6","87",",,6"
"1943-07-21","97",",,6","73",",,6","87",",,6"
"1943-07-22","99",",,6","73",",,6","90",",,6"
"1943-07-23","90",",,6","74",",,6","85",",,6"
"1943-07-24","90",",,6","72",",,6","88",",,6"
"1943-07-25","92",",,6","72",",,6","83",",,6"
"1943-07-26","93",",,6","72",",,6","74",",,6"
"1943-07-27","92",",,6","72",",,6","82",",,6"
"1943-07-28","95",",,6","72",",,6","86",",,6"
"1943-07-29","95",",,6","71",",,6","73",",,6"
"1943-07-30","90",",,6","71",",,6","86",",,6"
"1943-07-31","91",",,6","68",",,6","86",",,6"
"1943-08-01","86",",,6","68",",,6","80",",,6"
"1943-08-02","91",",,6","65",",,6","83",",,6"
"1943-08-03","91",",,6","67",",,6","83",",,6"
"1943-08-04","95",",,6","69",",,6","87",",,6"
"1943-08-05","96",",,6","74",",,6","79",",,6"
"1943-08-06","93",",,6","72",",,6","82",",,6"
"1943-08-07","89",",,6","73",",,6","85",",,6"
"1943-08-08","93",",,6","70",",,6","86",",,6"
"1943-08-09","93",",,6","70",",,6","86",",,6"
"1943-08-10","94",",,6","73",",,6","88",",,6"
"1943-08-11","96",",,6","74",",,6","77",",,6"
"1943-08-12","90",",,6","73",",,6","79",",,6"
"1943-08-13","93",",,6","73",",,6","80",",,6"
"1943-08-14","98",",,6","72",",,6","87",",,6"
"1943-08-15","96",",,6","74",",,6","88",",,6"
"1943-08-16","97",",,6","71",",,6","87",",,6"
"1943-08-17","98",",,6","76",",,6","83",",,6"
"1943-08-18","83",",,6","70",",,6","75",",,6"
"1943-08-19","84",",,6","67",",,6","79",",,6"
"1943-08-20","85",",,6","59",",,6","79",",,6"
"1943-08-21","87",",,6","57",",,6","82",",,6"
"1943-08-22","90",",,6","58",",,6","85",",,6"
"1943-08-23","91",",,6","61",",,6","80",",,6"
"1943-08-24","95",",,6","62",",,6","84",",,6"
"1943-08-25","99",",,6","69",",,6","92",",,6"
"1943-08-26","101",",,6","71",",,6","86",",,6"
"1943-08-27","98",",,6","74",",,6","90",",,6"
"1943-08-28","102",",,6","68",",,6","72",",,6"
"1943-08-29","85",",,6","68",",,6","74",",,6"
"1943-08-30","89",",,6","70",",,6","82",",,6"
"1943-08-31","91",",,6","67",",,6","83",",,6"
"1943-09-01","91",",,6","67",",,6","80",",,6"
"1943-09-02","92",",,6","65",",,6","81",",,6"
"1943-09-03","90",",,6","65",",,6","81",",,6"
"1943-09-04","90",",,6","65",",,6","78",",,6"
"1943-09-05","92",",,6","66",",,6","83",",,6"
"1943-09-06","93",",,6","68",",,6","76",",,6"
"1943-09-07","94",",,6","70",",,6","84",",,6"
"1943-09-08","84",",,6","69",",,6","74",",,6"
"1943-09-09","90",",,6","66",",,6","80",",,6"
"1943-09-10","81",",,6","64",",,6","77",",,6"
"1943-09-11","81",",,6","60",",,6","76",",,6"
"1943-09-12","81",",,6","56",",,6","75",",,6"
"1943-09-13","78",",,6","55",",,6","73",",,6"
"1943-09-14","82",",,6","54",",,6","75",",,6"
"1943-09-15","91",",,6","56",",,6","82",",,6"
"1943-09-16","93",",,6","68",",,6","82",",,6"
"1943-09-17","82",",,6","62",",,6","67",",,6"
"1943-09-18","74",",,6","52",",,6","70",",,6"
"1943-09-19","70",",,6","57",",,6","63",",,6"
"1943-09-20","76",",,6","60",",,6","68",",,6"
"1943-09-21","68",",,6","62",",,6","66",",,6"
"1943-09-22","80",",,6","63",",,6","74",",,6"
"1943-09-23","86",",,6","60",",,6","76",",,6"
"1943-09-24","76",",,6","63",",,6","71",",,6"
"1943-09-25","75",",,6","50",",,6","65",",,6"
"1943-09-26","73",",,6","49",",,6","63",",,6"
"1943-09-27","75",",,6","47",",,6","62",",,6"
"1943-09-28","79",",,6","49",",,6","65",",,6"
"1943-09-29","82",",,6","50",",,6","67",",,6"
"1943-09-30","80",",,6","56",",,6","71",",,6"
"1943-10-01","81",",,6","51",",,6","68",",,6"
"1943-10-02","85",",,6","52",",,6","75",",,6"
"1943-10-03","80",",,6","62",",,6","72",",,6"
"1943-10-04","72",",,6","56",",,6","63",",,6"
"1943-10-05","71",",,6","46",",,6","63",",,6"
"1943-10-06","72",",,6","45",",,6","66",",,6"
"1943-10-07","76",",,6","53",",,6","63",",,6"
"1943-10-08","79",",,6","42",",,6","65",",,6"
"1943-10-09","85",",,6","45",",,6","68",",,6"
"1943-10-10","83",",,6","51",",,6","70",",,6"
"1943-10-11","71",",,6","56",",,6","64",",,6"
"1943-10-12","78",",,6","47",",,6","61",",,6"
"1943-10-13","82",",,6","48",",,6","66",",,6"
"1943-10-14","80",",,6","60",",,6","69",",,6"
"1943-10-15","85",",,6","58",",,6","74",",I,6"
"1943-10-16","72",",I,6","58",",,6","58",",,6"
"1943-10-17","63",",,6","36",",,6","51",",,6"
"1943-10-18","66",",,6","30",",,6","53",",,6"
"1943-10-19","81",",,6","40",",,6","68",",,6"
"1943-10-20","84",",,6","44",",,6","67",",,6"
"1943-10-21","91",",,6","49",",,6","73",",,6"
"1943-10-22","83",",,6","53",",,6","67",",,6"
"1943-10-23","78",",,6","37",",,6","73",",,6"
"1943-10-24","78",",,6","40",",,6","67",",,6"
"1943-10-25","76",",,6","51",",,6","60",",,6"
"1943-10-26","60",",,6","52",",,6","53",",,6"
"1943-10-27","60",",,6","49",",,6","52",",,6"
"1943-10-28","62",",,6","40",",,6","53",",,6"
"1943-10-29","74",",,6","37",",,6","60",",,6"
"1943-10-30","79",",,6","43",",,6","66",",,6"
"1943-10-31","80",",,6","48",",,6","69",",,6"
"1943-11-01","81",",,6","48",",,6","65",",,6"
"1943-11-02","82",",,6","55",",,6","74",",,6"
"1943-11-03","74",",,6","58",",,6","59",",,6"
"1943-11-04","66",",,6","40",",,6","55",",,6"
"1943-11-05","70",",,6","45",",,6","58",",,6"
"1943-11-06","79",",,6","40",",,6","61",",,6"
"1943-11-07","82",",,6","50",",,6","74",",,6"
"1943-11-08","74",",,6","48",",,6","48",",,6"
"1943-11-09","58",",,6","39",",,6","47",",,6"
"1943-11-10","54",",,6","29",",,6","42",",,6"
"1943-11-11","56",",,6","29",",,6","43",",,6"
"1943-11-12","58",",,6","23",",,6","48",",,6"
"1943-11-13","66",",,6","34",",,6","54",",,6"
"1943-11-14","61",",,6","29",",,6","47",",,6"
"1943-11-15","72",",,6","33",",,6","60",",,6"
"1943-11-16","74",",,6","49",",,6","60",",,6"
"1943-11-17","60",",,6","32",",,6","43",",,6"
"1943-11-18","67",",,6","26",",,6","49",",,6"
"1943-11-19","75",",,6","31",",,6","55",",,6"
"1943-11-20","78",",,6","34",",,6","62",",,6"
"1943-11-21","79",",,6","34",",,6","62",",,6"
"1943-11-22","62",",,6","45",",,6","49",",,6"
"1943-11-23","59",",,6","27",",,6","46",",,6"
"1943-11-24","62",",,6","29",",,6","48",",,6"
"1943-11-25","65",",,6","26",",,6","47",",,6"
"1943-11-26","67",",,6","26",",,6","52",",,6"
"1943-11-27","73",",,6","35",",,6","62",",,6"
"1943-11-28","68",",,6","35",",,6","52",",,6"
"1943-11-29","52",",,6","42",",,6","45",",,6"
"1943-11-30","57",",,6","27",",,6","43",",,6"
"1943-12-01","63",",,6","27",",,6","50",",,6"
"1943-12-02","71",",,6","37",",,6","58",",,6"
"1943-12-03","74",",,6","40",",,6","61",",,6"
"1943-12-04","75",",,6","55",",,6","61",",,6"
"1943-12-05","72",",,6","40",",,6","60",",,6"
"1943-12-06","74",",,6","46",",,6","58",",,6"
"1943-12-07","73",",,6","50",",,6","62",",,6"
"1943-12-08","74",",,6","50",",,6","63",",,6"
"1943-12-09","81",",,6","53",",,6","68",",,6"
"1943-12-10","77",",,6","50",",,6","67",",,6"
"1943-12-11","67",",,6","42",",,6","46",",,6"
"1943-12-12","63",",,6","25",",,6","53",",,6"
"1943-12-13","56",",,6","40",",,6","46",",,6"
"1943-12-14","46",",,6","25",",,6","38",",,6"
"1943-12-15","38",",,6","26",",,6","28",",,6"
"1943-12-16","32",",,6","13",",,6","25",",,6"
"1943-12-17","39",",,6","11",",,6","29",",,6"
"1943-12-18","55",",,6","14",",,6","38",",,6"
"1943-12-19","58",",,6","23",",,6","43",",,6"
"1943-12-20","64",",,6","33",",,6","50",",,6"
"1943-12-21","65",",,6","30",",,6","50",",,6"
"1943-12-22","64",",,6","39",",,6","51",",,6"
"1943-12-23","51",",,6","38",",,6","38",",,6"
"1943-12-24","38",",,6","20",",,6","31",",,6"
"1943-12-25","34",",,6","29",",,6","34",",,6"
"1943-12-26","51",",,6","34",",,6","44",",,6"
"1943-12-27","46",",,6","39",",,6","42",",,6"
"1943-12-28","50",",,6","36",",,6","46",",,6"
"1943-12-29","48",",,6","40",",,6","40",",,6"
"1943-12-30","50",",,6","27",",,6","39",",,6"
"1943-12-31","52",",,6","25",",,6","42",",,6"
"1944-01-01","50",",,6","25",",,6","41",",,6"
"1944-01-02","41",",,6","36",",,6","37",",,6"
"1944-01-03","50",",,6","37",",,6","46",",,6"
"1944-01-04","61",",,6","35",",,6","50",",,6"
"1944-01-05","50",",,6","33",",,6","45",",,6"
"1944-01-06","52",",,6","36",",,6","42",",,6"
"1944-01-07","47",",,6","28",",,6","42",",,6"
"1944-01-08","42",",,6","35",",,6","35",",,6"
"1944-01-09","36",",,6","31",",,6","31",",,6"
"1944-01-10","43",",,6","23",",,6","34",",,6"
"1944-01-11","55",",,6","24",",,6","45",",,6"
"1944-01-12","60",",,6","32",",,6","47",",,6"
"1944-01-13","47",",,6","37",",,6","41",",,6"
"1944-01-14","41",",,6","35",",,6","35",",,6"
"1944-01-15","47",",,6","35",",,6","46",",,6"
"1944-01-16","50",",,6","37",",,6","44",",,6"
"1944-01-17","50",",,6","34",",,6","40",",,6"
"1944-01-18","56",",,6","28",",,6","46",",,6"
"1944-01-19","53",",,6","26",",,6","46",",,6"
"1944-01-20","62",",,6","33",",,6","46",",,6"
"1944-01-21","60",",,6","30",",,6","50",",,6"
"1944-01-22","65",",,6","30",",,6","53",",,6"
"1944-01-23","71",",,6","37",",,6","59",",,6"
"1944-01-24","60",",,6","38",",,6","52",",,6"
"1944-01-25","67",",,6","40",",,6","61",",,6"
"1944-01-26","62",",,6","47",",,6","56",",,6"
"1944-01-27","72",",,6","48",",,6","62",",,6"
"1944-01-28","82",",,6","53",",,6","72",",,6"
"1944-01-29","73",",,6","49",",,6","63",",,6"
"1944-01-30","67",",,6","40",",,6","53",",,6"
"1944-01-31","69",",,6","30",",,6","59",",,6"
"1944-02-01","64",",,6","34",",,6","51",",,6"
"1944-02-02","59",",,6","29",",,6","54",",,6"
"1944-02-03","60",",,6","51",",,6","53",",,6"
"1944-02-04","65",",,6","38",",,6","50",",,6"
"1944-02-05","70",",,6","29",",,6","60",",,6"
"1944-02-06","67",",,6","48",",,6","59",",,6"
"1944-02-07","66",",,6","27",",,6","57",",,6"
"1944-02-08","57",",,6","48",",,6","48",",,6"
"1944-02-09","48",",,6","42",",,6","44",",,6"
"1944-02-10","48",",,6","35",",,6","44",",,6"
"1944-02-11","48",",,6","40",",,6","46",",,6"
"1944-02-12","46",",,6","27",",,6","36",",,6"
"1944-02-13","41",",,6","19",",,6","36",",,6"
"1944-02-14","42",",,6","31",",,6","38",",,6"
"1944-02-15","57",",,6","29",",,6","46",",,6"
"1944-02-16","61",",,6","37",",,6","54",",,6"
"1944-02-17","55",",,6","40",",,6","53",",,6"
"1944-02-18","73",",,6","48",",,6","62",",,6"
"1944-02-19","62",",,6","41",",,6","42",",,6"
"1944-02-20","51",",,6","38",",,6","49",",,6"
"1944-02-21","67",",,6","45",",,6","60",",,6"
"1944-02-22","72",",,6","47",",,6","70",",,6"
"1944-02-23","78",",,6","57",",,6","69",",,6"
"1944-02-24","79",",,6","55",",,6","68",",,6"
"1944-02-25","77",",,6","52",",,6","71",",,6"
"1944-02-26","81",",,6","61",",,6","73",",,6"
"1944-02-27","80",",,6","58",",,6","75",",,6"
"1944-02-28","79",",,6","59",",,6","67",",,6"
"1944-02-29","67",",,6","56",",,6","56",",,6"
"1944-03-01","57",",,6","29",",,6","51",",,6"
"1944-03-02","55",",,6","28",",,6","45",",,6"
"1944-03-03","69",",,6","31",",,6","62",",,6"
"1944-03-04","74",",,6","56",",,6","69",",,6"
"1944-03-05","74",",,6","52",",,6","68",",,6"
"1944-03-06","68",",,6","40",",,6","48",",,6"
"1944-03-07","61",",,6","47",",,6","56",",,6"
"1944-03-08","56",",,6","36",",,6","43",",,6"
"1944-03-09","53",",,6","27",",,6","45",",,6"
"1944-03-10","60",",,6","30",",,6","56",",,6"
"1944-03-11","56",",,6","38",",,6","51",",,6"
"1944-03-12","58",",,6","46",",,6","55",",,6"
"1944-03-13","72",",,6","39",",,6","66",",,6"
"1944-03-14","71",",,6","38",",,6","61",",,6"
"1944-03-15","77",",,6","40",",,6","68",",,6"
"1944-03-16","80",",,6","48",",,6","72",",,6"
"1944-03-17","74",",,6","38",",,6","70",",,6"
"1944-03-18","81",",,6","44",",,6","71",",,6"
"1944-03-19","71",",,6","42",",,6","42",",,6"
"1944-03-20","67",",,6","37",",,6","57",",,6"
"1944-03-21","59",",,6","37",",,6","53",",,6"
"1944-03-22","53",",,6","39",",,6","46",",,6"
"1944-03-23","68",",,6","45",",,6","64",",,6"
"1944-03-24","70",",,6","47",",,6","61",",,6"
"1944-03-25","75",",,6","45",",,6","69",",,6"
"1944-03-26","86",",,6","54",",,6","78",",,6"
"1944-03-27","84",",,6","65",",,6","71",",,6"
"1944-03-28","71",",,6","57",",,6","57",",,6"
"1944-03-29","57",",,6","44",",,6","48",",,6"
"1944-03-30","60",",,6","46",",,6","59",",,6"
"1944-03-31","60",",,6","37",",,6","54",",,6"
"1944-04-01","71",",,6","36",",,6","67",",,6"
"1944-04-02","79",",,6","45",",,6","74",",,6"
"1944-04-03","74",",,6","47",",,6","51",",,6"
"1944-04-04","64",",,6","37",",,6","56",",,6"
"1944-04-05","56",",,6","30",",,6","48",",,6"
"1944-04-06","62",",,6","27",",,6","57",",,6"
"1944-04-07","74",",,6","37",",,6","66",",,6"
"1944-04-08","79",",,6","48",",,6","70",",,6"
"1944-04-09","84",",,6","55",",,6","75",",,6"
"1944-04-10","86",",,6","63",",,6","79",",,6"
"1944-04-11","88",",,6","61",",,6","83",",,6"
"1944-04-12","83",",,6","64",",,6","70",",,6"
"1944-04-13","70",",,6","43",",,6","62",",,6"
"1944-04-14","72",",,6","40",",,6","67",",,6"
"1944-04-15","83",",,6","56",",,6","79",",,6"
"1944-04-16","87",",,6","60",",,6","77",",,6"
"1944-04-17","78",",,6","50",",,6","68",",,6"
"1944-04-18","68",",,6","49",",,6","60",",,6"
"1944-04-19","77",",,6","55",",,6","71",",,6"
"1944-04-20","75",",,6","59",",,6","71",",,6"
"1944-04-21","87",",,6","62",",,6","82",",,6"
"1944-04-22","82",",,6","65",",,6","68",",,6"
"1944-04-23","79",",,6","63",",,6","71",",,6"
"1944-04-24","78",",,6","66",",,6","76",",,6"
"1944-04-25","79",",,6","54",",,6","74",",,6"
"1944-04-26","84",",,6","53",",,6","62",",,6"
"1944-04-27","81",",,6","58",",,6","71",",,6"
"1944-04-28","71",",,6","49",",,6","66",",,6"
"1944-04-29","73",",,6","43",",,6","66",",,6"
"1944-04-30","77",",,6","44",",,6","71",",,6"
"1944-05-01","82",",,6","46",",,6","75",",,6"
"1944-05-02","81",",,6","53",",,6","75",",,6"
"1944-05-03","81",",,6","53",",,6","73",",,6"
"1944-05-04","83",",,6","53",",,6","75",",,6"
"1944-05-05","82",",,6","62",",,6","75",",,6"
"1944-05-06","75",",,6","60",",,6","68",",,6"
"1944-05-07","71",",,6","44",",,6","67",",,6"
"1944-05-08","77",",,6","46",",,6","72",",,6"
"1944-05-09","81",",,6","55",",,6","76",",,6"
"1944-05-10","83",",,6","58",",,6","77",",,6"
"1944-05-11","83",",,6","57",",,6","78",",,6"
"1944-05-12","86",",,6","56",",,6","81",",,6"
"1944-05-13","87",",,6","56",",,6","80",",,6"
"1944-05-14","92",",,6","63",",,6","81",",,6"
"1944-05-15","94",",,6","63",",,6","81",",,6"
"1944-05-16","95",",,6","62",",,6","83",",,6"
"1944-05-17","95",",,6","63",",,6","84",",,6"
"1944-05-18","95",",,6","62",",,6","87",",,6"
"1944-05-19","91",",,6","67",",,6","83",",,6"
"1944-05-20","89",",,6","63",",,6","82",",,6"
"1944-05-21","97",",,6","67",",,6","81",",,6"
"1944-05-22","94",",,6","67",",,6","88",",,6"
"1944-05-23","94",",,6","66",",,6","86",",,6"
"1944-05-24","91",",,6","64",",,6","81",",,6"
"1944-05-25","91",",,6","65",",,6","78",",,6"
"1944-05-26","89",",,6","65",",,6","77",",,6"
"1944-05-27","92",",,6","63",",,6","85",",,6"
"1944-05-28","94",",,6","65",",,6","83",",,6"
"1944-05-29","89",",,6","66",",,6","81",",,6"
"1944-05-30","88",",,6","63",",,6","83",",,6"
"1944-05-31","91",",,6","65",",,6","85",",,6"
"1944-06-01","97",",,6","65",",,6","90",",,6"
"1944-06-02","98",",,6","68",",,6","77",",,6"
"1944-06-03","98",",,6","65",",,6","94",",,6"
"1944-06-04","94",",,6","68",",,6","70",",,6"
"1944-06-05","85",",,6","64",",,6","81",",,6"
"1944-06-06","90",",,6","63",",,6","85",",,6"
"1944-06-07","94",",,6","66",",,6","87",",,6"
"1944-06-08","87",",,6","69",",,6","81",",,6"
"1944-06-09","86",",,6","71",",,6","79",",,6"
"1944-06-10","91",",,6","69",",,6","82",",,6"
"1944-06-11","97",",,6","68",",,6","84",",,6"
"1944-06-12","91",",,6","68",",,6","74",",,6"
"1944-06-13","93",",,6","68",",,6","88",",,6"
"1944-06-14","94",",,6","70",",,6","79",",,6"
"1944-06-15","95",",,6","71",",,6","90",",,6"
"1944-06-16","95",",,6","70",",,6","89",",,6"
"1944-06-17","99",",,6","71",",,6","92",",,6"
"1944-06-18","101",",,6","74",",,6","92",",,6"
"1944-06-19","100",",,6","72",",,6","74",",,6"
"1944-06-20","92",",,6","66",",,6","86",",,6"
"1944-06-21","87",",,6","57",",,6","86",",,6"
"1944-06-22","97",",,6","59",",,6","92",",,6"
"1944-06-23","102",",,6","72",",,6","97",",,6"
"1944-06-24","100",",,6","76",",,6","91",",,6"
"1944-06-25","95",",,6","63",",,6","90",",,6"
"1944-06-26","96",",,6","68",",,6","92",",,6"
"1944-06-27","94",",,6","65",",,6","88",",,6"
"1944-06-28","93",",,6","69",",,6","84",",,6"
"1944-06-29","93",",,6","68",",,6","76",",,6"
"1944-06-30","86",",,6","69",",,6","82",",,6"
"1944-07-01","88",",,6","67",",,6","85",",I,6"
"1944-07-02","80",",I,6","66",",,6","77",",,6"
"1944-07-03","80",",,6","65",",,6","78",",,6"
"1944-07-04","83",",,6","60",",,6","78",",,6"
"1944-07-05","84",",,6","65",",,6","80",",,6"
"1944-07-06","82",",,6","65",",,6","74",",,6"
"1944-07-07","81",",,6","66",",,6","78",",,6"
"1944-07-08","90",",,6","66",",,6","74",",,6"
"1944-07-09","87",",,6","62",",,6","85",",,6"
"1944-07-10","89",",,6","67",",,6","79",",,6"
"1944-07-11","86",",,6","67",",,6","79",",,6"
"1944-07-12","91",",,6","65",",,6","87",",,6"
"1944-07-13","90",",,6","69",",,6","86",",,6"
"1944-07-14","92",",,6","72",",,6","76",",,6"
"1944-07-15","87",",,6","72",",,6","78",",,6"
"1944-07-16","92",",,6","69",",,6","89",",,6"
"1944-07-17","97",",,6","71",",,6","85",",,6"
"1944-07-18","89",",,6","71",",,6","86",",,6"
"1944-07-19","87",",,6","67",",,6","74",",,6"
"1944-07-20","91",",,6","66",",,6","86",",,6"
"1944-07-21","86",",,6","69",",,6","77",",,6"
"1944-07-22","86",",,6","62",",,6","81",",,6"
"1944-07-23","87",",,6","60",",,6","82",",,6"
"1944-07-24","89",",,6","60",",,6","84",",,6"
"1944-07-25","93",",,6","64",",,6","85",",,6"
"1944-07-26","97",",,6","67",",,6","89",",,6"
"1944-07-27","99",",,6","75",",,6","95",",,6"
"1944-07-28","98",",,6","77",",,6","83",",,6"
"1944-07-29","95",",,6","68",",,6","88",",,6"
"1944-07-30","93",",,6","68",",,6","83",",,6"
"1944-07-31","88",",,6","66",",,6","70",",,6"
"1944-08-01","82",",,6","69",",,6","79",",,6"
"1944-08-02","93",",,6","68",",,6","86",",,6"
"1944-08-03","92",",,6","72",",,6","80",",,6"
"1944-08-04","90",",,6","68",",,6","83",",,6"
"1944-08-05","94",",,6","69",",,6","73",",,6"
"1944-08-06","89",",,6","70",",,6","83",",,6"
"1944-08-07","88",",,6","73",",,6","84",",,6"
"1944-08-08","84",",,6","70",",,6","80",",,6"
"1944-08-09","85",",,6","64",",,6","82",",,6"
"1944-08-10","87",",,6","62",",,6","81",",,6"
"1944-08-11","94",",,6","62",",,6","85",",,6"
"1944-08-12","95",",,6","67",",,6","87",",,6"
"1944-08-13","95",",,6","67",",,6","73",",,6"
"1944-08-14","89",",,6","68",",,6","83",",,6"
"1944-08-15","87",",,6","68",",,6","81",",,6"
"1944-08-16","93",",,6","69",",,6","82",",,6"
"1944-08-17","96",",,6","70",",,6","88",",,6"
"1944-08-18","94",",,6","69",",,6","89",",,6"
"1944-08-19","89",",,6","69",",,6","83",",,6"
"1944-08-20","88",",,6","67",",,6","83",",,6"
"1944-08-21","89",",,6","59",",,6","82",",,6"
"1944-08-22","90",",,6","66",",,6","78",",,6"
"1944-08-23","93",",,6","68",",,6","83",",,6"
"1944-08-24","96",",,6","71",",,6","82",",,6"
"1944-08-25","82",",,6","68",",,6","77",",,6"
"1944-08-26","83",",,6","60",",,6","73",",,6"
"1944-08-27","73",",,6","57",",,6","59",",,6"
"1944-08-28","75",",,6","57",",,6","72",",,6"
"1944-08-29","86",",,6","65",",,6","82",",,6"
"1944-08-30","87",",,6","68",",,6","79",",,6"
"1944-08-31","90",",,6","68",",,6","83",",,6"
"1944-09-01","94",",,6","71",",,6","87",",,6"
"1944-09-02","100",",,6","72",",,6","91",",,6"
"1944-09-03","102",",,6","71",",,6","92",",,6"
"1944-09-04","102",",,6","72",",,6","95",",,6"
"1944-09-05","102",",,6","71",",,6","93",",,6"
"1944-09-06","96",",,6","69",",,6","73",",,6"
"1944-09-07","92",",,6","68",",,6","81",",,6"
"1944-09-08","81",",,6","60",",,6","63",",,6"
"1944-09-09","75",",,6","61",",,6","72",",,6"
"1944-09-10","74",",,6","61",",,6","68",",,6"
"1944-09-11","70",",,6","62",",,6","68",",,6"
"1944-09-12","70",",I,6","66",",,6","74",",I,6"
"1944-09-13","81",",,6","70",",,6","77",",,6"
"1944-09-14","88",",,6","71",",,6","78",",,6"
"1944-09-15","87",",,6","61",",,6","79",",,6"
"1944-09-16","87",",,6","60",",,6","80",",,6"
"1944-09-17","80",",,6","61",",,6","71",",,6"
"1944-09-18","84",",,6","68",",,6","76",",,6"
"1944-09-19","86",",,6","69",",,6","76",",,6"
"1944-09-20","89",",,6","68",",,6","78",",,6"
"1944-09-21","86",",,6","68",",,6","72",",,6"
"1944-09-22","86",",,6","65",",,6","78",",,6"
"1944-09-23","82",",,6","60",",,6","74",",,6"
"1944-09-24","74",",,6","61",",,6","67",",,6"
"1944-09-25","76",",,6","56",",,6","68",",,6"
"1944-09-26","83",",,6","59",",,6","71",",,6"
"1944-09-27","84",",,6","56",",,6","74",",,6"
"1944-09-28","84",",,6","57",",,6","76",",,6"
"1944-09-29","86",",,6","70",",,6","78",",,6"
"1944-09-30","86",",,6","72",",,6","74",",,6"
"1944-10-01","78",",,6","59",",,6","72",",,6"
"1944-10-02","79",",,6","55",",,6","72",",,6"
"1944-10-03","85",",,6","58",",,6","72",",,6"
"1944-10-04","88",",,6","58",",,6","75",",,6"
"1944-10-05","88",",,6","61",",,6","75",",,6"
"1944-10-06","92",",,6","65",",,6","76",",,6"
"1944-10-07","88",",,6","65",",,6","75",",,6"
"1944-10-08","83",",,6","63",",,6","75",",,6"
"1944-10-09","79",",,6","53",",,6","67",",,6"
"1944-10-10","74",",,6","48",",,6","66",",,6"
"1944-10-11","70",",,6","49",",,6","64",",,6"
"1944-10-12","71",",,6","56",",,6","63",",,6"
"1944-10-13","69",",,6","54",",,6","60",",,6"
"1944-10-14","77",",,6","46",",,6","63",",,6"
"1944-10-15","76",",,6","45",",,6","67",",,6"
"1944-10-16","68",",,6","39",",,6","61",",,6"
"1944-10-17","72",",,6","35",",,6","63",",,6"
"1944-10-18","72",",,6","43",",,6","64",",,6"
"1944-10-19","65",",,6","59",",,6","63",",,6"
"1944-10-20","63",",,6","59",",,6","59",",,6"
"1944-10-21","75",",,6","50",",,6","62",",,6"
"1944-10-22","69",",,6","45",",,6","60",",,6"
"1944-10-23","66",",,6","41",",,6","54",",,6"
"1944-10-24","71",",,6","37",",,6","58",",,6"
"1944-10-25","82",",,6","44",",,6","67",",,6"
"1944-10-26","84",",,6","49",",,6","66",",,6"
"1944-10-27","66",",,6","43",",,6","52",",,6"
"1944-10-28","70",",,6","34",",,6","53",",,6"
"1944-10-29","79",",,6","38",",,6","60",",,6"
"1944-10-30","76",",,6","44",",,6","64",",,6"
"1944-10-31","76",",,6","46",",,6","65",",,6"
"1944-11-01","76",",,6","50",",,6","65",",,6"
"1944-11-02","74",",,6","50",",,6","64",",,6"
"1944-11-03","66",",,6","51",",,6","63",",,6"
"1944-11-04","74",",,6","58",",,6","63",",,6"
"1944-11-05","72",",,6","48",",,6","59",",,6"
"1944-11-06","62",",,6","33",",,6","46",",,6"
"1944-11-07","65",",,6","29",",,6","49",",,6"
"1944-11-08","74",",,6","34",",,6","56",",,6"
"1944-11-09","74",",,6","46",",,6","64",",,6"
"1944-11-10","68",",,6","56",",,6","61",",,6"
"1944-11-11","69",",,6","39",",,6","54",",,6"
"1944-11-12","70",",,6","35",",,6","53",",,6"
"1944-11-13","75",",,6","36",",,6","52",",,6"
"1944-11-14","74",",,6","40",",,6","63",",,6"
"1944-11-15","76",",,6","54",",,6","70",",,6"
"1944-11-16","72",",,6","55",",,6","56",",,6"
"1944-11-17","60",",,6","40",",,6","49",",,6"
"1944-11-18","58",",,6","37",",,6","49",",,6"
"1944-11-19","59",",,6","39",",,6","44",",,6"
"1944-11-20","54",",,6","41",",,6","50",",,6"
"1944-11-21","57",",,6","36",",,6","45",",,6"
"1944-11-22","56",",,6","26",",,6","44",",,6"
"1944-11-23","60",",,6","22",",,6","51",",,6"
"1944-11-24","57",",,6","29",",,6","45",",,6"
"1944-11-25","46",",,6","35",",,6","41",",,6"
"1944-11-26","53",",,6","38",",,6","51",",,6"
"1944-11-27","67",",,6","50",",,6","61",",,6"
"1944-11-28","63",",,6","34",",,6","47",",,6"
"1944-11-29","48",",,6","44",",,6","47",",,6"
"1944-11-30","53",",,6","34",",,6","45",",,6"
"1944-12-01","53",",,6","23",",,6","40",",,6"
"1944-12-02","40",",,6","24",",,6","32",",,6"
"1944-12-03","48",",,6","18",",,6","36",",,6"
"1944-12-04","51",",,6","24",",,6","38",",,6"
"1944-12-05","56",",,6","22",",,6","41",",,6"
"1944-12-06","54",",,6","25",",,6","42",",,6"
"1944-12-07","43",",,6","37",",,6","42",",,6"
"1944-12-08","60",",,6","39",",,6","52",",,6"
"1944-12-09","57",",,6","27",",,6","42",",,6"
"1944-12-10","53",",,6","29",",,6","47",",,6"
"1944-12-11","47",",,6","35",",,6","36",",,6"
"1944-12-12","44",",,6","29",",,6","36",",,6"
"1944-12-13","44",",,6","23",",,6","36",",,6"
"1944-12-14","43",",,6","22",",,6","31",",,6"
"1944-12-15","50",",,6","16",",,6","38",",,6"
"1944-12-16","56",",,6","27",",,6","41",",,6"
"1944-12-17","61",",,6","24",",,6","46",",,6"
"1944-12-18","66",",,6","27",",,6","57",",,6"
"1944-12-19","57",",,6","30",",,6","38",",,6"
"1944-12-20","56",",,6","20",",,6","42",",,6"
"1944-12-21","62",",,6","30",",,6","51",",,6"
"1944-12-22","51",",,6","38",",,6","38",",,6"
"1944-12-23","43",",,6","33",",,6","42",",,6"
"1944-12-24","67",",,6","39",",,6","55",",,6"
"1944-12-25","70",",,6","39",",,6","60",",,6"
"1944-12-26","64",",,6","49",",,6","49",",,6"
"1944-12-27","49",",,6","36",",,6","39",",,6"
"1944-12-28","58",",,6","37",",,6","52",",,6"
"1944-12-29","52",",,6","40",",,6","40",",,6"
"1944-12-30","41",",,6","37",",,6","41",",,6"
"1944-12-31","63",",,6","40",",,6","56",",,6"
"1945-01-01","63",",,6","44",",,6","44",",,6"
"1945-01-02","46",",,6","24",",,6","37",",,6"
"1945-01-03","51",",,6","27",",,6","40",",,6"
"1945-01-04","54",",,6","32",",,6","44",",,6"
"1945-01-05","57",",,6","28",",,6","44",",,6"
"1945-01-06","53",",,6","30",",,6","52",",,6"
"1945-01-07","60",",,6","46",",,6","57",",,6"
"1945-01-08","57",",,6","49",",,6","49",",,6"
"1945-01-09","52",",,6","43",",,6","47",",,6"
"1945-01-10","52",",,6","36",",,6","43",",,6"
"1945-01-11","51",",,6","24",",,6","39",",,6"
"1945-01-12","59",",,6","26",",,6","47",",,6"
"1945-01-13","57",",,6","42",",,6","54",",,6"
"1945-01-14","54",",,6","41",",,6","47",",,6"
"1945-01-15","67",",,6","37",",,6","48",",,6"
"1945-01-16","55",",,6","34",",,6","45",",,6"
"1945-01-17","52",",,6","25",",,6","44",",,6"
"1945-01-18","56",",,6","28",",,6","45",",,6"
"1945-01-19","49",",,6","38",",,6","48",",,6"
"1945-01-20","48",",,6","43",",,6","46",",,6"
"1945-01-21","50",",,6","38",",,6","46",",,6"
"1945-01-22","60",",,6","41",",,6","57",",,6"
"1945-01-23","58",",,6","38",",,6","46",",,6"
"1945-01-24","63",",,6","32",",,6","52",",,6"
"1945-01-25","60",",,6","32",",,6","51",",,6"
"1945-01-26","58",",,6","32",",,6","48",",,6"
"1945-01-27","58",",,6","29",",,6","48",",,6"
"1945-01-28","64",",,6","40",",,6","57",",,6"
"1945-01-29","57",",,6","42",",,6","42",",,6"
"1945-01-30","56",",,6","23",",,6","46",",,6"
"1945-01-31","47",",,6","26",",,6","38",",,6"
"1945-02-01","42",",,6","17",",,6","35",",,6"
"1945-02-02","50",",,6","19",",,6","39",",,6"
"1945-02-03","52",",,6","23",",,6","46",",,6"
"1945-02-04","46",",,6","38",",,6","40",",,6"
"1945-02-05","55",",,6","40",",,6","49",",,6"
"1945-02-06","49",",,6","38",",,6","41",",,6"
"1945-02-07","52",",,6","26",",,6","45",",,6"
"1945-02-08","53",",,6","39",",,6","45",",,6"
"1945-02-09","59",",,6","27",",,6","51",",,6"
"1945-02-10","70",",,6","34",",,6","61",",,6"
"1945-02-11","75",",,6","45",",,6","65",",,6"
"1945-02-12","66",",,6","54",",,6","56",",,6"
"1945-02-13","76",",,6","52",",,6","67",",,6"
"1945-02-14","67",",,6","44",",,6","57",",,6"
"1945-02-15","75",",,6","40",",,6","69",",,6"
"1945-02-16","78",",,6","55",",,6","68",",,6"
"1945-02-17","82",",,6","52",",,6","52",",,6"
"1945-02-18","52",",,6","36",",,6","47",",,6"
"1945-02-19","52",",,6","34",",,6","47",",,6"
"1945-02-20","47",",,6","35",",,6","37",",,6"
"1945-02-21","50",",,6","35",",,6","49",",,6"
"1945-02-22","67",",,6","49",",,6","54",",,6"
"1945-02-23","60",",,6","40",",,6","55",",,6"
"1945-02-24","64",",,6","34",",,6","58",",,6"
"1945-02-25","69",",,6","31",",,6","61",",,6"
"1945-02-26","74",",,6","45",",,6","64",",,6"
"1945-02-27","81",",,6","58",",,6","74",",,6"
"1945-02-28","74",",,6","55",",,6","71",",,6"
"1945-03-01","71",",,6","36",",,6","56",",,6"
"1945-03-02","77",",,6","39",",,6","71",",,6"
"1945-03-03","78",",,6","56",",,6","71",",,6"
"1945-03-04","75",",,6","56",",,6","66",",,6"
"1945-03-05","66",",,6","52",",,6","57",",,6"
"1945-03-06","81",",,6","55",",,6","77",",,6"
"1945-03-07","77",",,6","66",",,6","68",",,6"
"1945-03-08","68",",,6","44",",,6","57",",,6"
"1945-03-09","65",",,6","39",",,6","58",",,6"
"1945-03-10","72",",,6","39",",,6","59",",,6"
"1945-03-11","67",",,6","34",",,6","60",",,6"
"1945-03-12","74",",,6","41",",,6","66",",,6"
"1945-03-13","67",",,6","52",",,6","62",",,6"
"1945-03-14","62",",,6","52",",,6","58",",,6"
"1945-03-15","78",",,6","51",",,6","72",",,6"
"1945-03-16","89",",,6","64",",,6","80",",,6"
"1945-03-17","91",",,6","64",",,6","84",",,6"
"1945-03-18","90",",,6","61",",,6","82",",,6"
"1945-03-19","91",",,6","61",",,6","83",",,6"
"1945-03-20","86",",,6","63",",,6","79",",,6"
"1945-03-21","79",",,6","50",",,6","50",",,6"
"1945-03-22","67",",,6","43",",,6","63",",,6"
"1945-03-23","79",",,6","37",",,6","71",",,6"
"1945-03-24","86",",,6","54",",,6","72",",,6"
"1945-03-25","88",",,6","50",",,6","78",",,6"
"1945-03-26","78",",,6","52",",,6","72",",,6"
"1945-03-27","82",",,6","55",",,6","77",",,6"
"1945-03-28","84",",,6","56",",,6","73",",,6"
"1945-03-29","84",",,6","55",",,6","77",",,6"
"1945-03-30","84",",,6","55",",,6","78",",,6"
"1945-03-31","84",",,6","61",",,6","78",",,6"
"1945-04-01","86",",,6","58",",,6","76",",,6"
"1945-04-02","78",",,6","63",",,6","75",",,6"
"1945-04-03","87",",,6","56",",,6","78",",,6"
"1945-04-04","87",",,6","57",",,6","82",",,6"
"1945-04-05","82",",,6","64",",,6","64",",,6"
"1945-04-06","64",",,6","43",",,6","47",",,6"
"1945-04-07","69",",,6","35",",,6","67",",,6"
"1945-04-08","76",",,6","46",",,6","71",",,6"
"1945-04-09","81",",,6","49",",,6","76",",,6"
"1945-04-10","81",",,6","48",",,6","77",",,6"
"1945-04-11","77",",,6","54",",,6","72",",,6"
"1945-04-12","82",",,6","57",",,6","78",",,6"
"1945-04-13","87",",,6","55",",,6","79",",,6"
"1945-04-14","90",",,6","56",",,6","82",",,6"
"1945-04-15","89",",,6","60",",,6","81",",,6"
"1945-04-16","87",",,6","57",",,6","78",",,6"
"1945-04-17","78",",,6","68",",,6","68",",,6"
"1945-04-18","80",",,6","56",",,6","73",",,6"
"1945-04-19","74",",,6","45",",,6","67",",,6"
"1945-04-20","83",",,6","47",",,6","75",",,6"
"1945-04-21","86",",,6","56",",,6","78",",,6"
"1945-04-22","79",",,6","56",",,6","65",",,6"
"1945-04-23","68",",,6","56",",,6","68",",,6"
"1945-04-24","81",",,6","55",",,6","79",",,6"
"1945-04-25","83",",,6","63",",,6","76",",,6"
"1945-04-26","88",",,6","66",",,6","82",",,6"
"1945-04-27","88",",,6","47",",,6","73",",,6"
"1945-04-28","73",",,6","53",",,6","52",",,6"
"1945-04-29","70",",,6","50",",,6","65",",,6"
"1945-04-30","74",",,6","50",",,6","70",",,6"
"1945-05-01","73",",,6","46",",,6","69",",,6"
"1945-05-02","69",",,6","45",",,6","53",",,6"
"1945-05-03","63",",,6","47",",,6","61",",,6"
"1945-05-04","63",",,6","44",",,6","57",",,6"
"1945-05-05","68",",,6","40",",,6","64",",,6"
"1945-05-06","77",",,6","47",",,6","73",",,6"
"1945-05-07","84",",,6","46",",,6","78",",,6"
"1945-05-08","85",",,6","62",",,6","79",",,6"
"1945-05-09","83",",,6","47",",,6","74",",,6"
"1945-05-10","82",",,6","56",",,6","77",",,6"
"1945-05-11","77",",,6","50",",,6","65",",,6"
"1945-05-12","71",",,6","53",",,6","69",",,6"
"1945-05-13","79",",,6","57",",,6","74",",,6"
"1945-05-14","83",",,6","62",",,6","78",",,6"
"1945-05-15","93",",,6","60",",,6","72",",,6"
"1945-05-16","89",",,6","64",",,6","82",",,6"
"1945-05-17","83",",,6","64",",,6","79",",,6"
"1945-05-18","79",",,6","53",",,6","72",",,6"
"1945-05-19","79",",,6","49",",,6","74",",,6"
"1945-05-20","82",",,6","46",",,6","79",",,6"
"1945-05-21","87",",,6","54",",,6","80",",,6"
"1945-05-22","90",",,6","62",",,6","78",",,6"
"1945-05-23","87",",,6","60",",,6","80",",,6"
"1945-05-24","86",",,6","56",",,6","78",",,6"
"1945-05-25","89",",,6","52",",,6","79",",,6"
"1945-05-26","79",",,6","63",",,6","68",",,6"
"1945-05-27","89",",,6","60",",,6","84",",,6"
"1945-05-28","90",",,6","60",",,6","85",",,6"
"1945-05-29","96",",,6","66",",,6","89",",,6"
"1945-05-30","93",",,6","69",",,6","86",",,6"
"1945-05-31","97",",,6","64",",,6","92",",,6"
"1945-06-01","102",",,6","68",",,6","96",",,6"
"1945-06-02","97",",,6","69",",,6","89",",,6"
"1945-06-03","91",",,6","67",",,6","85",",,6"
"1945-06-04","86",",,6","58",",,6","80",",,6"
"1945-06-05","81",",,6","54",",,6","76",",,6"
"1945-06-06","83",",,6","54",",,6","78",",,6"
"1945-06-07","87",",,6","62",",,6","80",",,6"
"1945-06-08","86",",,6","65",",,6","72",",,6"
"1945-06-09","80",",,6","66",",,6","73",",,6"
"1945-06-10","92",",,6","64",",,6","86",",,6"
"1945-06-11","95",",,6","70",",,6","87",",,6"
"1945-06-12","97",",,6","68",",,6","92",",,6"
"1945-06-13","93",",,6","70",",,6","85",",,6"
"1945-06-14","91",",,6","70",",,6","87",",,6"
"1945-06-15","93",",,6","67",",,6","86",",,6"
"1945-06-16","98",",,6","67",",,6","92",",,6"
"1945-06-17","94",",,6","69",",,6","80",",,6"
"1945-06-18","90",",,6","64",",,6","69",",,6"
"1945-06-19","85",",,6","64",",,6","80",",,6"
"1945-06-20","88",",,6","65",",,6","83",",,6"
"1945-06-21","94",",,6","67",",,6","86",",,6"
"1945-06-22","98",",,6","65",",,6","90",",,6"
"1945-06-23","95",",,6","70",",,6","83",",,6"
"1945-06-24","87",",,6","67",",,6","81",",,6"
"1945-06-25","88",",,6","69",",,6","83",",,6"
"1945-06-26","98",",,6","67",",,6","92",",,6"
"1945-06-27","101",",,6","69",",,6","87",",,6"
"1945-06-28","104",",,6","71",",,6","93",",,6"
"1945-06-29","101",",,6","75",",,6","82",",,6"
"1945-06-30","99",",,6","72",",,6","92",",,6"
"1945-07-01","103",",,6","69",",,6","94",",,6"
"1945-07-02","102",",,6","73",",,6","94",",,6"
"1945-07-03","94",",,6","72",",,6","80",",,6"
"1945-07-04","87",",,6","68",",,6","81",",,6"
"1945-07-05","91",",,6","70",",,6","84",",,6"
"1945-07-06","86",",,6","72",",,6","75",",,6"
"1945-07-07","91",",,6","66",",,6","69",",,6"
"1945-07-08","92",",,6","67",",,6","80",",,6"
"1945-07-09","90",",,6","67",",,6","82",",,6"
"1945-07-10","96",",,6","70",",,6","84",",,6"
"1945-07-11","88",",,6","68",",,6","84",",,6"
"1945-07-12","86",",,6","71",",,6","82",",,6"
"1945-07-13","87",",,6","68",",,6","84",",,6"
"1945-07-14","90",",,6","72",",,6","77",",,6"
"1945-07-15","81",",,6","70",",,6","75",",,6"
"1945-07-16","83",",,6","69",",,6","74",",,6"
"1945-07-17","86",",,6","68",",,6","83",",,6"
"1945-07-18","84",",,6","70",",,6","76",",,6"
"1945-07-19","87",",,6","70",",,6","79",",,6"
"1945-07-20","87",",,6","71",",,6","82",",,6"
"1945-07-21","88",",,6","66",",,6","84",",,6"
"1945-07-22","95",",,6","68",",,6","85",",,6"
"1945-07-23","96",",,6","70",",,6","85",",,6"
"1945-07-24","92",",,6","67",",,6","85",",,6"
"1945-07-25","96",",,6","69",",,6","90",",,6"
"1945-07-26","93",",,6","70",",,6","75",",,6"
"1945-07-27","87",",,6","72",",,6","76",",,6"
"1945-07-28","89",",,6","72",",,6","84",",,6"
"1945-07-29","91",",,6","72",",,6","85",",,6"
"1945-07-30","94",",,6","72",",,6","88",",,6"
"1945-07-31","97",",,6","71",",,6","91",",,6"
"1945-08-01","96",",,6","71",",,6","88",",,6"
"1945-08-02","94",",,6","72",",,6","77",",,6"
"1945-08-03","94",",,6","71",",,6","88",",,6"
"1945-08-04","88",",,6","74",",,6","85",",,6"
"1945-08-05","92",",,6","71",",,6","79",",,6"
"1945-08-06","96",",,6","71",",,6","93",",,6"
"1945-08-07","93",",,6","71",",,6","79",",,6"
"1945-08-08","90",",,6","71",",,6","85",",,6"
"1945-08-09","87",",,6","65",",,6","83",",,6"
"1945-08-10","89",",,6","61",",,6",,
"1945-08-11","87",",,6","64",",,6","81",",,6"
"1945-08-12","81",",,6","67",",,6","73",",,6"
"1945-08-13","81",",,6","69",",,6","75",",,6"
"1945-08-14","88",",,6","70",",,6","78",",,6"
"1945-08-15","92",",,6","72",",,6","87",",,6"
"1945-08-16","91",",,6","72",",,6","79",",,6"
"1945-08-17","82",",,6","69",",,6","76",",,6"
"1945-08-18","85",",,6","66",",,6","79",",,6"
"1945-08-19","84",",,6","69",",,6","82",",,6"
"1945-08-20","88",",,6","69",",,6","73",",,6"
"1945-08-21","91",",,6","69",",,6","82",",,6"
"1945-08-22","94",",,6","70",",,6","77",",,6"
"1945-08-23","90",",,6","69",",,6","82",",,6"
"1945-08-24","92",",,6","72",",,6","73",",,6"
"1945-08-25","91",",,6","71",",,6","81",",,6"
"1945-08-26","87",",,6","65",",,6","79",",,6"
"1945-08-27","87",",,6","57",",,6","79",",,6"
"1945-08-28","89",",,6","58",",,6","80",",,6"
"1945-08-29","90",",,6","62",",,6","80",",,6"
"1945-08-30","91",",,6","62",",,6","82",",,6"
"1945-08-31","91",",,6","64",",,6","84",",,6"
"1945-09-01","91",",,6","66",",,6","82",",,6"
"1945-09-02","84",",,6","70",",,6","78",",,6"
"1945-09-03","84",",,6","66",",,6","78",",,6"
"1945-09-04","78",",,6","66",",,6","73",",,6"
"1945-09-05","76",",,6","69",",,6","75",",,6"
"1945-09-06","91",",,6","71",",,6","81",",,6"
"1945-09-07","90",",,6","73",",,6","81",",,6"
"1945-09-08","92",",,6","71",",,6","84",",,6"
"1945-09-09","95",",,6","70",",,6","84",",,6"
"1945-09-10","96",",,6","70",",,6","83",",,6"
"1945-09-11","91",",,6","68",",,6","83",",,6"
"1945-09-12","89",",,6","61",",,6","78",",,6"
"1945-09-13","82",",,6","64",",,6","72",",,6"
"1945-09-14","84",",,6","70",",,6","71",",,6"
"1945-09-15","84",",,6","70",",,6","78",",,6"
"1945-09-16","78",",,6","67",",,6","67",",,6"
"1945-09-17","68",",,6","63",",,6","64",",,6"
"1945-09-18","84",",,6","64",",,6","76",",,6"
"1945-09-19","87",",,6","59",",,6","79",",,6"
"1945-09-20","93",",,6","61",",,6","80",",,6"
"1945-09-21","94",",,6","69",",,6","81",",,6"
"1945-09-22","86",",,6","68",",,6","73",",,6"
"1945-09-23","86",",,6","69",",,6","77",",,6"
"1945-09-24","89",",,6","67",",,6","80",",,6"
"1945-09-25","87",",,6","68",",,6","80",",,6"
"1945-09-26","89",",,6","68",",,6","79",",,6"
"1945-09-27","88",",,6","67",",,6","78",",,6"
"1945-09-28","90",",,6","68",",,6","78",",,6"
"1945-09-29","87",",,6","68",",,6","80",",,6"
"1945-09-30","88",",,6","67",",,6","77",",,6"
"1945-10-01","77",",,6","61",",,6","72",",,6"
"1945-10-02","85",",,6","64",",,6","77",",,6"
"1945-10-03","77",",,6","52",",,6","69",",,6"
"1945-10-04","69",",,6","51",",,6","65",",,6"
"1945-10-05","73",",,6","56",",,6","69",",,6"
"1945-10-06","73",",,6","62",",,6","69",",,6"
"1945-10-07","82",",,6","61",",,6","69",",,6"
"1945-10-08","83",",,6","55",",,6","72",",,6"
"1945-10-09","72",",,6","56",",,6","60",",,6"
"1945-10-10","67",",,6","40",",,6","58",",,6"
"1945-10-11","67",",,6","42",",,6","59",",,6"
"1945-10-12","77",",,6","39",",,6","63",",,6"
"1945-10-13","84",",,6","49",",,6","69",",,6"
"1945-10-14","75",",,6","50",",,6","65",",,6"
"1945-10-15","65",",,6","46",",,6","50",",,6"
"1945-10-16","67",",,6","35",",,6","54",",,6"
"1945-10-17","76",",,6","39",",,6","60",",,6"
"1945-10-18","80",",,6","41",",,6","61",",,6"
"1945-10-19","79",",,6","51",",,6","61",",,6"
"1945-10-20","85",",,6","50",",,6","68",",,6"
"1945-10-21","84",",,6","50",",,6","68",",,6"
"1945-10-22","85",",,6","53",",,6","70",",,6"
"1945-10-23","77",",,6","64",",,6","67",",,6"
"1945-10-24","76",",,6","49",",,6","63",",,6"
"1945-10-25","71",",,6","46",",,6","60",",,6"
"1945-10-26","74",",,6","50",",,6","58",",,6"
"1945-10-27","73",",,6","41",",,6","55",",,6"
"1945-10-28","77",",,6","39",",,6","59",",,6"
"1945-10-29","75",",,6","42",",,6","65",",,6"
"1945-10-30","77",",,6","49",",,6","66",",,6"
"1945-10-31","81",",,6","50",",,6","65",",,6"
"1945-11-01","84",",,6","51",",,6","66",",,6"
"1945-11-02","83",",,6","55",",,6","71",",,6"
"1945-11-03","74",",,6","57",",,6","61",",,6"
"1945-11-04","61",",,6","44",",,6","44",",,6"
"1945-11-05","65",",,6","30",",,6","52",",,6"
"1945-11-06","79",",,6","40",",,6","61",",,6"
"1945-11-07","79",",,6","43",",,6","61",",,6"
"1945-11-08","78",",,6","43",",,6","64",",,6"
"1945-11-09","82",",,6","52",",,6","70",",,6"
"1945-11-10","79",",,6","56",",,6","65",",,6"
"1945-11-11","65",",,6","52",",,6","57",",,6"
"1945-11-12","69",",,6","54",",,6","63",",,6"
"1945-11-13","82",",,6","60",",,6","68",",,6"
"1945-11-14","78",",,6","55",",,6","57",",,6"
"1945-11-15","57",",,6","37",",,6","45",",,6"
"1945-11-16","64",",,6","27",",,6","48",",,6"
"1945-11-17","75",",,6","40",",,6","59",",,6"
"1945-11-18","77",",,6","52",",,6","59",",,6"
"1945-11-19","77",",,6","53",",,6","61",",,6"
"1945-11-20","64",",,6","39",",,6","49",",,6"
"1945-11-21","60",",,6","40",",,6","56",",,6"
"1945-11-22","59",",,6","45",",,6","46",",,6"
"1945-11-23","50",",,6","30",",,6","39",",,6"
"1945-11-24","52",",,6","23",",,6","39",",,6"
"1945-11-25","65",",,6","31",",,6","48",",,6"
"1945-11-26","65",",,6","33",",,6","54",",,6"
"1945-11-27","63",",,6","43",",,6","56",",,6"
"1945-11-28","62",",,6","42",",,6","47",",,6"
"1945-11-29","58",",,6","35",",,6","48",",,6"
"1945-11-30","60",",,6","33",",,6","47",",,6"
"1945-12-01","56",",,6","31",",,6","45",",,6"
"1945-12-02","56",",,6","27",",,6","44",",,6"
"1945-12-03","62",",,6","34",",,6","51",",,6"
"1945-12-04","51",",,6","46",",,6","46",",,6"
"1945-12-05","46",",,6","39",",,6","39",",,6"
"1945-12-06","55",",,6","38",",,6","44",",,6"
"1945-12-07","60",",,6","31",",,6","50",",,6"
"1945-12-08","66",",,6","30",",,6","49",",,6"
"1945-12-09","65",",,6","31",",,6","53",",,6"
"1945-12-10","66",",,6","48",",,6","50",",,6"
"1945-12-11","50",",,6","24",",,6","37",",,6"
"1945-12-12","44",",,6","23",",,6","35",",,6"
"1945-12-13","35",",,6","24",",,6","30",",,6"
"1945-12-14","43",",,6","30",",,6","40",",,6"
"1945-12-15","41",",,6","36",",,6","36",",,6"
"1945-12-16","42",",,6","28",",,6","29",",,6"
"1945-12-17","45",",,6","20",",,6","34",",,6"
"1945-12-18","37",",,6","24",",,6","33",",,6"
"1945-12-19","44",",,6","31",",,6","38",",,6"
"1945-12-20","40",",,6","22",",,6","30",",,6"
"1945-12-21","53",",,6","22",",,6","38",",,6"
"1945-12-22","60",",,6","24",",,6","47",",,6"
"1945-12-23","47",",,6","35",",,6","36",",,6"
"1945-12-24","36",",,6","28",",,6","33",",,6"
"1945-12-25","56",",,6","33",",,6","42",",,6"
"1945-12-26","62",",,6","33",",,6","48",",,6"
"1945-12-27","56",",,6","29",",,6","49",",,6"
"1945-12-28","49",",,6","43",",,6","45",",,6"
"1945-12-29","52",",,6","41",",,6","47",",,6"
"1945-12-30","57",",,6","45",",,6","49",",,6"
"1945-12-31","52",",,6","44",",,6","44",",,6"
"1946-01-01","47",",,6","32",",,6","38",",,6"
"1946-01-02","45",",,6","21",",,6","34",",,6"
"1946-01-03","47",",,6","28",",,6","43",",,6"
"1946-01-04","62",",,6","36",",,6","56",",,6"
"1946-01-05","70",",,6","44",",,6","65",",,6"
"1946-01-06","70",",,6","59",",,6","68",",,6"
"1946-01-07","75",",,6","62",",,6","70",",,6"
"1946-01-08","77",",,6","58",",,6","68",",,6"
"1946-01-09","72",",,6","60",",,6","69",",,6"
"1946-01-10","75",",,6","51",",,6","61",",,6"
"1946-01-11","63",",,6","51",",,6","61",",,6"
"1946-01-12","74",",,6","53",",,6","62",",,6"
"1946-01-13","62",",,6","42",",,6","49",",,6"
"1946-01-14","52",",,6","28",",,6","47",",,6"
"1946-01-15","47",",,6","38",",,6","42",",,6"
"1946-01-16","42",",,6","28",",,6","28",",,6"
"1946-01-17","48",",,6","28",",,6","41",",,6"
"1946-01-18","58",",,6","26",",,6","48",",,6"
"1946-01-19","60",",,6","36",",,6","52",",,6"
"1946-01-20","52",",,6","37",",,6","37",",,6"
"1946-01-21","49",",,6","34",",,6","44",",,6"
"1946-01-22","44",",,6","38",",,6","38",",,6"
"1946-01-23","43",",,6","27",",,6","33",",,6"
"1946-01-24","48",",,6","18",",,6","39",",,6"
"1946-01-25","56",",,6","29",",,6","48",",,6"
"1946-01-26","60",",,6","39",",,6","55",",,6"
"1946-01-27","55",",,6","42",",,6","42",",,6"
"1946-01-28","55",",,6","25",",,6","43",",,6"
"1946-01-29","57",",,6","27",",,6","50",",,6"
"1946-01-30","70",",,6","40",",,6","66",",,6"
"1946-01-31","66",",,6","50",",,6","50",",,6"
"1946-02-01","55",",,6","27",",,6","44",",,6"
"1946-02-02","61",",,6","26",",,6","50",",,6"
"1946-02-03","67",",,6","28",",,6","52",",,6"
"1946-02-04","52",",,6","38",",,6","38",",,6"
"1946-02-05","62",",,6","36",",,6","55",",,6"
"1946-02-06","66",",,6","48",",,6","59",",,6"
"1946-02-07","61",",,6","35",",,6","49",",,6"
"1946-02-08","65",",,6","28",",,6","57",",,6"
"1946-02-09","57",",,6","47",",,6","52",",,6"
"1946-02-10","75",",,6","47",",,6","47",",,6"
"1946-02-11","58",",,6","31",",,6","48",",,6"
"1946-02-12","58",",,6","35",",,6","52",",,6"
"1946-02-13","72",",,6","44",",,6","67",",,6"
"1946-02-14","67",",,6","43",",,6","43",",,6"
"1946-02-15","55",",,6","31",",,6","48",",,6"
"1946-02-16","63",",,6","27",",,6","54",",,6"
"1946-02-17","69",",,6","36",",,6","58",",,6"
"1946-02-18","65",",,6","37",",,6","56",",,6"
"1946-02-19","62",",,6","42",",,6","57",",,6"
"1946-02-20","60",",,6","41",",,6","50",",,6"
"1946-02-21","64",",,6","26",",,6","57",",,6"
"1946-02-22","68",",,6","38",",,6","59",",,6"
"1946-02-23","74",",,6","39",",,6","53",",,6"
"1946-02-24","61",",,6","42",",,6","48",",,6"
"1946-02-25","62",",,6","30",",,6","55",",,6"
"1946-02-26","78",",,6","40",",,6","65",",,6"
"1946-02-27","67",",,6","55",",,6","64",",,6"
"1946-02-28","64",",,6","51",",,6","52",",,6"
"1946-03-01","63",",,6","37",",,6","58",",,6"
"1946-03-02","68",",,6","44",",,6","60",",,6"
"1946-03-03","75",",,6","36",",,6","64",",,6"
"1946-03-04","81",",,6","46",",,6","72",",,6"
"1946-03-05","81",",,6","46",",,6","72",",,6"
"1946-03-06","76",",,6","49",",,6","70",",,6"
"1946-03-07","80",",,6","61",",,6","76",",,6"
"1946-03-08","77",",,6","61",",,6","74",",,6"
"1946-03-09","74",",,6","45",",,6","61",",,6"
"1946-03-10","68",",,6","31",",,6","59",",,6"
"1946-03-11","64",",,6","31",",,6","58",",,6"
"1946-03-12","70",",,6","34",",,6","66",",,6"
"1946-03-13","77",",,6","48",",,6","69",",,6"
"1946-03-14","69",",,6","59",",,6","67",",,6"
"1946-03-15","82",",,6","57",",,6","76",",,6"
"1946-03-16","76",",,6","56",",,6","61",",,6"
"1946-03-17","67",",,6","52",",,6","66",",,6"
"1946-03-18","77",",,6","58",",,6","70",",,6"
"1946-03-19","70",",,6","48",",,6","51",",,6"
"1946-03-20","56",",,6","41",",,6","55",",,6"
"1946-03-21","72",",,6","42",",,6","67",",,6"
"1946-03-22","79",",,6","39",",,6","72",",,6"
"1946-03-23","84",",,6","50",",,6","73",",,6"
"1946-03-24","78",",,6","51",",,6","72",",,6"
"1946-03-25","82",",,6","54",",,6","75",",,6"
"1946-03-26","80",",,6","61",",,6","73",",,6"
"1946-03-27","74",",,6","60",",,6","70",",,6"
"1946-03-28","70",",,6","62",",,6","62",",,6"
"1946-03-29","70",",,6","55",",,6","66",",,6"
"1946-03-30","83",",,6","54",",,6","74",",,6"
"1946-03-31","74",",,6","54",",,6","67",",,6"
"1946-04-01","74",",,6","42",",,6","70",",,6"
"1946-04-02","87",",,6","57",",,6","82",",,6"
"1946-04-03","93",",,6","66",",,6","83",",,6"
"1946-04-04","88",",,6","67",",,6","83",",,6"
"1946-04-05","83",",,6","51",",,6","74",",,6"
"1946-04-06","74",",,6","54",",,6","65",",,6"
"1946-04-07","83",",,6","46",",,6","72",",,6"
"1946-04-08","84",",,6","60",",,6","73",",,6"
"1946-04-09","80",",,6","64",",,6","75",",,6"
"1946-04-10","75",",,6","55",",,6","55",",,6"
"1946-04-11","58",",,6","46",",,6","56",",,6"
"1946-04-12","62",",,6","52",",,6","56",",,6"
"1946-04-13","69",",,6","36",",,6","64",",,6"
"1946-04-14","78",",,6","40",",,6","69",",,6"
"1946-04-15","79",",,6","48",",,6","74",",,6"
"1946-04-16","85",",,6","60",",,6","70",",,6"
"1946-04-17","70",",,6","46",",,6","53",",,6"
"1946-04-18","75",",,6","42",",,6","58",",,6"
"1946-04-19","84",",,6","44",",,6","74",",,6"
"1946-04-20","89",",,6","50",",,6","78",",,6"
"1946-04-21","78",",,6","57",",,6","69",",,6"
"1946-04-22","81",",,6","48",",,6","75",",,6"
"1946-04-23","91",",,6","55",",,6","82",",,6"
"1946-04-24","88",",,6","58",",,6","78",",,6"
"1946-04-25","78",",,6","58",",,6","67",",,6"
"1946-04-26","69",",,6","56",",,6","64",",,6"
"1946-04-27","67",",,6","43",",,6","63",",,6"
"1946-04-28","71",",,6","40",",,6","68",",,6"
"1946-04-29","84",",,6","50",",,6","77",",,6"
"1946-04-30","79",",,6","55",",,6","75",",,6"
"1946-05-01","82",",,6","56",",,6","73",",,6"
"1946-05-02","77",",,6","62",",,6","74",",,6"
"1946-05-03","82",",,6","66",",,6","77",",,6"
"1946-05-04","77",",,6","52",",,6","57",",,6"
"1946-05-05","78",",,6","53",",,6","73",",,6"
"1946-05-06","85",",,6","56",",,6","76",",,6"
"1946-05-07","78",",,6","62",",,6","73",",,6"
"1946-05-08","74",",,6","55",",,6","65",",,6"
"1946-05-09","78",",,6","50",",,6","72",",,6"
"1946-05-10","83",",,6","48",",,6","74",",,6"
"1946-05-11","86",",,6","62",",,6","80",",,6"
"1946-05-12","89",",,6","66",",,6","82",",,6"
"1946-05-13","82",",,6","64",",,6","68",",,6"
"1946-05-14","75",",,6","63",",,6","74",",,6"
"1946-05-15","84",",,6","65",",,6","79",",,6"
"1946-05-16","87",",,6","67",",,6","82",",,6"
"1946-05-17","87",",,6","67",",,6","80",",,6"
"1946-05-18","85",",,6","67",",,6","78",",,6"
"1946-05-19","86",",,6","53",",,6","76",",,6"
"1946-05-20","78",",,6","62",",,6","75",",,6"
"1946-05-21","85",",,6","63",",,6","79",",,6"
"1946-05-22","80",",,6","61",",,6","76",",,6"
"1946-05-23","82",",,6","59",",,6","75",",,6"
"1946-05-24","87",",,6","63",",,6","80",",,6"
"1946-05-25","89",",,6","62",",,6","80",",,6"
"1946-05-26","80",",,6","66",",,6","69",",,6"
"1946-05-27","83",",,6","61",",,6","75",",,6"
"1946-05-28","80",",,6","56",",,6","75",",,6"
"1946-05-29","79",",,6","55",",,6","75",",,6"
"1946-05-30","84",",,6","54",",,6","77",",,6"
"1946-05-31","84",",,6","56",",,6","81",",,6"
"1946-06-01","87",",,6","63",",,6","79",",,6"
"1946-06-02","90",",,6","69",",,6","85",",,6"
"1946-06-03","85",",,6","64",",,6","77",",,6"
"1946-06-04","77",",,6","63",",,6","69",",,6"
"1946-06-05","80",",,6","53",",,6","75",",,6"
"1946-06-06","85",",,6","49",",,6","80",",,6"
"1946-06-07","88",",,6","56",",,6","82",",,6"
"1946-06-08","94",",,6","63",",,6","86",",,6"
"1946-06-09","96",",,6","64",",,6","88",",,6"
"1946-06-10","89",",,6","67",",,6","84",",,6"
"1946-06-11","92",",,6","68",",,6","85",",,6"
"1946-06-12","94",",,6","68",",,6","89",",,6"
"1946-06-13","96",",,6","72",",,6","89",",,6"
"1946-06-14","94",",,6","73",",,6","75",",,6"
"1946-06-15","93",",,6","69",",,6","87",",,6"
"1946-06-16","87",",,6","69",",,6","72",",,6"
"1946-06-17","93",",,6","67",",,6","87",",,6"
"1946-06-18","97",",,6","73",",,6","88",",,6"
"1946-06-19","100",",,6","71",",,6","94",",,6"
"1946-06-20","99",",,6","72",",,6","87",",,6"
"1946-06-21","99",",,6","71",",,6","76",",,6"
"1946-06-22","85",",,6","72",",,6","81",",,6"
"1946-06-23","88",",,6","66",",,6","84",",,6"
"1946-06-24","90",",,6","60",",,6","87",",,6"
"1946-06-25","90",",,6","61",",,6","84",",,6"
"1946-06-26","87",",,6","62",",,6","80",",,6"
"1946-06-27","91",",,6","64",",,6","85",",,6"
"1946-06-28","93",",,6","62",",,6","83",",,6"
"1946-06-29","90",",,6","67",",,6","82",",,6"
"1946-06-30","90",",,6","68",",,6","82",",,6"
"1946-07-01","90",",,6","70",",,6","83",",,6"
"1946-07-02","95",",,6","71",",,6","86",",,6"
"1946-07-03","87",",,6","70",",,6","80",",,6"
"1946-07-04","80",",,6","70",",,6","72",",,6"
"1946-07-05","80",",,6","69",",,6","76",",,6"
"1946-07-06","90",",,6","70",",,6","87",",,6"
"1946-07-07","95",",,6","70",",,6","80",",,6"
"1946-07-08","97",",,6","70",",,6","85",",,6"
"1946-07-09","93",",,6","72",",,6","85",",,6"
"1946-07-10","93",",,6","73",",,6","86",",,6"
"1946-07-11","94",",,6","72",",,6","91",",,6"
"1946-07-12","93",",,6","73",",,6","79",",,6"
"1946-07-13","93",",,6","69",",,6","85",",,6"
"1946-07-14","85",",,6","71",",,6","72",",,6"
"1946-07-15","95",",,6","70",",,6","88",",,6"
"1946-07-16","88",",,6","70",",,6","77",",,6"
"1946-07-17","83",",,6","66",",,6","81",",,6"
"1946-07-18","87",",,6","59",",,6","81",",,6"
"1946-07-19","89",",,6","59",",,6","84",",,6"
"1946-07-20","94",",,6","67",",,6","91",",,6"
"1946-07-21","95",",,6","69",",,6","74",",,6"
"1946-07-22","85",",,6","69",",,6","72",",,6"
"1946-07-23","88",",,6","70",",,6","84",",,6"
"1946-07-24","94",",,6","71",",,6","90",",,6"
"1946-07-25","94",",,6","70",",,6","89",",,6"
"1946-07-26","89",",,6","71",",,6","80",",,6"
"1946-07-27","82",",,6","70",",,6","78",",,6"
"1946-07-28","86",",,6","67",",,6","80",",,6"
"1946-07-29","85",",,6","60",",,6","82",",,6"
"1946-07-30","82",",,6","62",",,6","73",",,6"
"1946-07-31","83",",,6","71",",,6","81",",,6"
"1946-08-01","90",",,6","71",",,6","86",",,6"
"1946-08-02","92",",,6","71",",,6","84",",,6"
"1946-08-03","87",",,6","70",",,6","79",",,6"
"1946-08-04","90",",,6","70",",,6","76",",,6"
"1946-08-05","90",",,6","69",",,6","84",",,6"
"1946-08-06","90",",,6","71",",,6","84",",,6"
"1946-08-07","90",",,6","72",",,6","79",",,6"
"1946-08-08","89",",,6","68",",,6","84",",,6"
"1946-08-09","91",",,6","65",",,6","84",",,6"
"1946-08-10","98",",,6","72",",,6","92",",,6"
"1946-08-11","93",",,6","72",",,6","84",",,6"
"1946-08-12","87",",,6","68",",,6","83",",,6"
"1946-08-13","91",",,6","64",",,6","84",",,6"
"1946-08-14","84",",,6","68",",,6","78",",,6"
"1946-08-15","89",",,6","66",",,6","83",",,6"
"1946-08-16","93",",,6","66",",,6","85",",,6"
"1946-08-17","94",",,6","71",",,6","84",",,6"
"1946-08-18","97",",,6","72",",,6","90",",,6"
"1946-08-19","98",",,6","70",",,6","88",",,6"
"1946-08-20","88",",,6","72",",,6","73",",,6"
"1946-08-21","88",",,6","67",",,6","83",",,6"
"1946-08-22","91",",,6","68",",,6","75",",,6"
"1946-08-23","87",",,6","70",",,6","73",",,6"
"1946-08-24","82",",,6","68",",,6","68",",,6"
"1946-08-25","75",",,6","66",",,6","72",",,6"
"1946-08-26","81",",,6","62",",,6","76",",,6"
"1946-08-27","84",",,6","61",",,6","78",",,6"
"1946-08-28","86",",,6","61",",,6","77",",,6"
"1946-08-29","80",",,6","63",",,6","75",",,6"
"1946-08-30","84",",,6","64",",,6","71",",,6"
"1946-08-31","78",",,6","56",",,6","72",",,6"
"1946-09-01","82",",,6","56",",,6","73",",,6"
"1946-09-02","86",",,6","55",",,6","80",",,6"
"1946-09-03","88",",,6","60",",,6","75",",,6"
"1946-09-04","75",",,6","65",",,6","72",",,6"
"1946-09-05","83",",,6","62",",,6","76",",,6"
"1946-09-06","79",",,6","60",",,6","75",",,6"
"1946-09-07","82",",,6","67",",,6","80",",,6"
"1946-09-08","89",",,6","70",",,6","80",",,6"
"1946-09-09","91",",,6","68",",,6","82",",,6"
"1946-09-10","90",",,6","69",",,6","82",",,6"
"1946-09-11","87",",,6","70",",,6","81",",,6"
"1946-09-12","84",",,6","64",",,6","79",",,6"
"1946-09-13","79",",,6","68",",,6","73",",,6"
"1946-09-14","78",",,6","59",",,6","73",",,6"
"1946-09-15","74",",,6","55",",,6","67",",,6"
"1946-09-16","77",",,6","61",",,6","69",",,6"
"1946-09-17","69",",,6","59",",,6","61",",,6"
"1946-09-18","81",",,6","59",",,6","76",",,6"
"1946-09-19","77",",,6","65",",,6","71",",,6"
"1946-09-20","79",",,6","66",",,6","73",",,6"
"1946-09-21","86",",,6","62",",,6","76",",,6"
"1946-09-22","84",",,6","68",",,6","79",",,6"
"1946-09-23","88",",,6","70",",,6","80",",,6"
"1946-09-24","84",",,6","70",",,6","79",",,6"
"1946-09-25","88",",,6","67",",,6","79",",,6"
"1946-09-26","85",",,6","58",",,6","74",",,6"
"1946-09-27","84",",,6","58",",,6","75",",,6"
"1946-09-28","86",",,6","67",",,6","76",",,6"
"1946-09-29","84",",,6","66",",,6","75",",,6"
"1946-09-30","76",",,6","61",",,6","66",",,6"
"1946-10-01","71",",,6","43",",,6","63",",,6"
"1946-10-02","75",",,6","41",",,6","63",",,6"
"1946-10-03","78",",,6","41",",,6","65",",,6"
"1946-10-04","78",",,6","44",",,6","68",",,6"
"1946-10-05","80",",,6","54",",,6","72",",,6"
"1946-10-06","78",",,6","52",",,6","72",",,6"
"1946-10-07","78",",,6","56",",,6","70",",,6"
"1946-10-08","72",",,6","62",",,6","66",",,6"
"1946-10-09","68",",,6","62",",,6","65",",,6"
"1946-10-10","76",",,6","60",",,6","71",",,6"
"1946-10-11","82",",,6","61",",,6","73",",,6"
"1946-10-12","82",",,6","67",",,6","67",",,6"
"1946-10-13","67",",,6","44",",,6","58",",,6"
"1946-10-14","66",",,6","41",",,6","58",",,6"
"1946-10-15","68",",,6","45",",,6","60",",,6"
"1946-10-16","71",",,6","47",",,6","68",",,6"
"1946-10-17","77",",,6","45",",,6","67",",,6"
"1946-10-18","79",",,6","57",",,6","74",",,6"
"1946-10-19","77",",,6","60",",,6","68",",,6"
"1946-10-20","81",",,6","55",",,6","69",",,6"
"1946-10-21","69",",,6","57",",,6","59",",,6"
"1946-10-22","67",",,6","49",",,6","59",",,6"
"1946-10-23","68",",,6","45",",,6","58",",,6"
"1946-10-24","74",",,6","41",",,6","64",",,6"
"1946-10-25","81",",,6","55",",,6","69",",,6"
"1946-10-26","74",",,6","60",",,6","68",",,6"
"1946-10-27","71",",,6","58",",,6","66",",,6"
"1946-10-28","72",",,6","57",",,6","68",",,6"
"1946-10-29","76",",,6","61",",,6","68",",,6"
"1946-10-30","84",",,6","55",",,6","68",",,6"
"1946-10-31","79",",,6","54",",,6","70",",,6"
"1946-11-01","80",",,6","54",",,6","68",",,6"
"1946-11-02","68",",,6","60",",,6","65",",,6"
"1946-11-03","69",",,6","64",",,6","68",",,6"
"1946-11-04","80",",,6","60",",,6","70",",,6"
"1946-11-05","71",",,6","61",",,6","65",",,6"
"1946-11-06","70",",,6","49",",,6","57",",,6"
"1946-11-07","69",",,6","51",",,6","68",",,6"
"1946-11-08","75",",,6","57",",,6","64",",,6"
"1946-11-09","73",",,6","45",",,6","59",",,6"
"1946-11-10","79",",,6","48",",,6","64",",,6"
"1946-11-11","80",",,6","54",",,6","70",",,6"
"1946-11-12","70",",,6","52",",,6","55",",,6"
"1946-11-13","58",",,6","40",",,6","48",",,6"
"1946-11-14","64",",,6","31",",,6","50",",,6"
"1946-11-15","64",",,6","32",",,6","53",",,6"
"1946-11-16","68",",,6","42",",,6","62",",,6"
"1946-11-17","64",",,6","56",",,6","60",",,6"
"1946-11-18","60",",,6","49",",,6","49",",,6"
"1946-11-19","57",",,6","45",",,6","51",",,6"
"1946-11-20","64",",,6","43",",,6","56",",,6"
"1946-11-21","58",",,6","53",",,6","56",",,6"
"1946-11-22","71",",,6","55",",,6","61",",,6"
"1946-11-23","61",",,6","37",",,6","47",",,6"
"1946-11-24","64",",,6","32",",,6","60",",,6"
"1946-11-25","71",",,6","54",",,6","64",",,6"
"1946-11-26","79",",,6","57",",,6","72",",,6"
"1946-11-27","72",",,6","62",",,6","64",",,6"
"1946-11-28","64",",,6","45",",,6","54",",,6"
"1946-11-29","70",",,6","38",",,6","58",",,6"
"1946-11-30","69",",,6","50",",,6","61",",,6"
"1946-12-01","77",",,6","53",",,6","66",",,6"
"1946-12-02","66",",,6","35",",,6","36",",,6"
"1946-12-03","45",",,6","23",",,6","40",",,6"
"1946-12-04","56",",,6","28",",,6","46",",,6"
"1946-12-05","68",",,6","25",",,6","48",",,6"
"1946-12-06","64",",,6","27",",,6","49",",,6"
"1946-12-07","63",",,6","32",",,6","52",",,6"
"1946-12-08","57",",,6","39",",,6","46",",,6"
"1946-12-09","67",",,6","32",",,6","56",",,6"
"1946-12-10","71",",,6","37",",,6","58",",,6"
"1946-12-11","74",",,6","49",",,6","63",",,6"
"1946-12-12","75",",,6","54",",,6","71",",,6"
"1946-12-13","72",",,6","58",",,6","58",",,6"
"1946-12-14","70",",,6","38",",,6","55",",,6"
"1946-12-15","65",",,6","37",",,6","56",",,6"
"1946-12-16","66",",,6","39",",,6","53",",,6"
"1946-12-17","71",",,6","37",",,6","61",",,6"
"1946-12-18","61",",,6","43",",,6","43",",,6"
"1946-12-19","47",",,6","28",",,6","43",",,6"
"1946-12-20","43",",,6","34",",,6","37",",,6"
"1946-12-21","56",",,6","37",",,6","42",",,6"
"1946-12-22","57",",,6","34",",,6","43",",,6"
"1946-12-23","62",",,6","26",",,6","52",",,6"
"1946-12-24","65",",,6","36",",,6","52",",,6"
"1946-12-25","63",",,6","44",",,6","45",",,6"
"1946-12-26","71",",,6","28",",,6","56",",,6"
"1946-12-27","70",",,6","34",",,6","57",",,6"
"1946-12-28","74",",,6","47",",,6","64",",,6"
"1946-12-29","74",",,6","55",",,6","70",",,6"
"1946-12-30","70",",,6","46",",,6","52",",,6"
"1946-12-31","52",",,6","41",",,6","45",",,6"infer_datetime_format